FileName,FilePath,PK Columns
COMPANY.csv,C:/projects/myproject/QDQM/DataSense/1_Master_Code/Source/COMPANY.csv,CompanyID
CONTRACT.csv,C:/projects/myproject/QDQM/DataSense/1_Master_Code/Source/CONTRACT.csv,CONTRACT_NO
CUSTOMER.csv,C:/projects/myproject/QDQM/DataSense/1_Master_Code/Source/CUSTOMER.csv,고객번호
OneClick고객.csv,C:/projects/myproject/QDQM/DataSense/1_Master_Code/Source/OneClick고객.csv,"고객명, 고객구분코드, 사업자등록번호"
ORGNIZATION.csv,C:/projects/myproject/QDQM/DataSense/1_Master_Code/Source/ORGNIZATION.csv,조직코드
PRM계약.csv,C:/projects/myproject/QDQM/DataSense/1_Master_Code/Source/PRM계약.csv,PRM계약번호
test.csv,C:/projects/myproject/QDQM/DataSense/1_Master_Code/Source/test.csv,ID
test1.csv,C:/projects/myproject/QDQM/DataSense/1_Master_Code/Source/test1.csv,"CompanyCode, ID"
test1_sum.csv,C:/projects/myproject/QDQM/DataSense/1_Master_Code/Source/test1_sum.csv,"CompanyCode, Dept"
test1_sum2.csv,C:/projects/myproject/QDQM/DataSense/1_Master_Code/Source/test1_sum2.csv,"CompanyCode, City"
test2.csv,C:/projects/myproject/QDQM/DataSense/1_Master_Code/Source/test2.csv,DeptName
test3.csv,C:/projects/myproject/QDQM/DataSense/1_Master_Code/Source/test3.csv,City
간선사업자.csv,C:/projects/myproject/QDQM/DataSense/1_Master_Code/Source/간선사업자.csv,사업자번호
개인고객.csv,C:/projects/myproject/QDQM/DataSense/1_Master_Code/Source/개인고객.csv,개인고객번호
계약마스터.csv,C:/projects/myproject/QDQM/DataSense/1_Master_Code/Source/계약마스터.csv,"계약적용월, 계약관리번호, 계약번호"
고객마스터.csv,C:/projects/myproject/QDQM/DataSense/1_Master_Code/Source/고객마스터.csv,고객번호
관리회계_고객.csv,C:/projects/myproject/QDQM/DataSense/1_Master_Code/Source/관리회계_고객.csv,사업자등록번호
관리회계_사업.csv,C:/projects/myproject/QDQM/DataSense/1_Master_Code/Source/관리회계_사업.csv,정렬순서
관리회계_조직.csv,C:/projects/myproject/QDQM/DataSense/1_Master_Code/Source/관리회계_조직.csv,부서조직코드
기업고객.csv,C:/projects/myproject/QDQM/DataSense/1_Master_Code/Source/기업고객.csv,기업고객번호
배송점.csv,C:/projects/myproject/QDQM/DataSense/1_Master_Code/Source/배송점.csv,배송점코드
사원마스터.csv,C:/projects/myproject/QDQM/DataSense/1_Master_Code/Source/사원마스터.csv,사원번호
상품분류.csv,C:/projects/myproject/QDQM/DataSense/1_Master_Code/Source/상품분류.csv,상품코드
서브터미널.csv,C:/projects/myproject/QDQM/DataSense/1_Master_Code/Source/서브터미널.csv,N/A
수입관리_고객.csv,C:/projects/myproject/QDQM/DataSense/1_Master_Code/Source/수입관리_고객.csv,고객번호
수입관리점소.csv,C:/projects/myproject/QDQM/DataSense/1_Master_Code/Source/수입관리점소.csv,수입점소코드
영업소.csv,C:/projects/myproject/QDQM/DataSense/1_Master_Code/Source/영업소.csv,영업소코드
지점코드.csv,C:/projects/myproject/QDQM/DataSense/1_Master_Code/Source/지점코드.csv,OIO_ORG_COD
집하점.csv,C:/projects/myproject/QDQM/DataSense/1_Master_Code/Source/집하점.csv,집하점코드
터미널마스터.csv,C:/projects/myproject/QDQM/DataSense/1_Master_Code/Source/터미널마스터.csv,터미널조직코드
허브터미널.csv,C:/projects/myproject/QDQM/DataSense/1_Master_Code/Source/허브터미널.csv,허브코드
계정과목코드.csv,C:/projects/myproject/QDQM/DataSense/2_Operation_Code/Source/계정과목코드.csv,계정과목코드
계정코드관리.csv,C:/projects/myproject/QDQM/DataSense/2_Operation_Code/Source/계정코드관리.csv,하위계정과목코드
관리회계BI_계정.csv,C:/projects/myproject/QDQM/DataSense/2_Operation_Code/Source/관리회계BI_계정.csv,하위계정과목코드
관리회계BI_사업.csv,C:/projects/myproject/QDQM/DataSense/2_Operation_Code/Source/관리회계BI_사업.csv,"사업유형코드, 전사업코드, 전사업명, 대사업코드, 대사업명, 대사업, 중사업코드, 중사업명, 중사업, 소사업코드, 소사업명, 소사업, 사업코드"
관리회계BI_조직.csv,C:/projects/myproject/QDQM/DataSense/2_Operation_Code/Source/관리회계BI_조직.csv,팀센터코드
관리회계QLIK_조직.csv,C:/projects/myproject/QDQM/DataSense/2_Operation_Code/Source/관리회계QLIK_조직.csv,귀속부서조직코드
관리회계_계정그룹.csv,C:/projects/myproject/QDQM/DataSense/2_Operation_Code/Source/관리회계_계정그룹.csv,배부계정GROUP코드
관리회계_계정그룹상세.csv,C:/projects/myproject/QDQM/DataSense/2_Operation_Code/Source/관리회계_계정그룹상세.csv,계정코드
관리회계_공통코드.csv,C:/projects/myproject/QDQM/DataSense/2_Operation_Code/Source/관리회계_공통코드.csv,"관리회계분류공통코드, 관리회계공통코드"
관리회계_분류공통코드.csv,C:/projects/myproject/QDQM/DataSense/2_Operation_Code/Source/관리회계_분류공통코드.csv,관리회계분류공통코드
관리회계_조직_test.csv,C:/projects/myproject/QDQM/DataSense/2_Operation_Code/Source/관리회계_조직_test.csv,"귀속부서조직코드, 유효시작일자V, 귀속부서조직명, 상위귀속부서조직코드"
관리회계_조직그룹.csv,C:/projects/myproject/QDQM/DataSense/2_Operation_Code/Source/관리회계_조직그룹.csv,귀속부서조직GROUP코드
관리회계_조직그룹상세.csv,C:/projects/myproject/QDQM/DataSense/2_Operation_Code/Source/관리회계_조직그룹상세.csv,정렬순서
관리회계계정.csv,C:/projects/myproject/QDQM/DataSense/2_Operation_Code/Source/관리회계계정.csv,관리회계계정코드
법인정보.csv,C:/projects/myproject/QDQM/DataSense/2_Operation_Code/Source/법인정보.csv,법인번호
사업자등록번호정보.csv,C:/projects/myproject/QDQM/DataSense/2_Operation_Code/Source/사업자등록번호정보.csv,사업자등록번호
사업코드관리.csv,C:/projects/myproject/QDQM/DataSense/2_Operation_Code/Source/사업코드관리.csv,정렬순서
사용자.csv,C:/projects/myproject/QDQM/DataSense/2_Operation_Code/Source/사용자.csv,사원번호
사원기본.csv,C:/projects/myproject/QDQM/DataSense/2_Operation_Code/Source/사원기본.csv,사원번호
상품코드.csv,C:/projects/myproject/QDQM/DataSense/2_Operation_Code/Source/상품코드.csv,상품코드
선박.csv,C:/projects/myproject/QDQM/DataSense/2_Operation_Code/Source/선박.csv,선박코드
선석.csv,C:/projects/myproject/QDQM/DataSense/2_Operation_Code/Source/선석.csv,"항구코드, 국가코드, 선석코드"
원가인명정보.csv,C:/projects/myproject/QDQM/DataSense/2_Operation_Code/Source/원가인명정보.csv,"적용년월, 직원번호"
작업코드.csv,C:/projects/myproject/QDQM/DataSense/3_Attribute_Code/Source/작업코드.csv,작업구분코드
조직코드관리.csv,C:/projects/myproject/QDQM/DataSense/3_Attribute_Code/Source/조직코드관리.csv,팀센터코드
택배BI_조직.csv,C:/projects/myproject/QDQM/DataSense/3_Attribute_Code/Source/택배BI_조직.csv,"사업본부코드, 사업본부명, 지부코드, 지부명, 지점코드, 지점명, 터미널코드, 터미널명, 집배점코드"
택배_고객.csv,C:/projects/myproject/QDQM/DataSense/2_Operation_Code/Source/택배_고객.csv,고객번호
택배_조직도.csv,C:/projects/myproject/QDQM/DataSense/2_Operation_Code/Source/택배_조직도.csv,조직코드
택배관리회계조직매핑.csv,C:/projects/myproject/QDQM/DataSense/2_Operation_Code/Source/택배관리회계조직매핑.csv,택배영업_지점코드
결제조건.csv,C:/projects/myproject/QDQM/DataSense/3_Attribute_Code/Source/결제조건.csv,결제조건코드
고객유형.csv,C:/projects/myproject/QDQM/DataSense/3_Attribute_Code/Source/고객유형.csv,고객유형코드
기업설립형태.csv,C:/projects/myproject/QDQM/DataSense/3_Attribute_Code/Source/기업설립형태.csv,기업설립형태코드
미배송사유코드.csv,C:/projects/myproject/QDQM/DataSense/3_Attribute_Code/Source/미배송사유코드.csv,"사유코드, 작업코드"
불량등급.csv,C:/projects/myproject/QDQM/DataSense/3_Attribute_Code/Source/불량등급.csv,불량등급코드
사업구분.csv,C:/projects/myproject/QDQM/DataSense/3_Attribute_Code/Source/사업구분.csv,사업구분코드
신용공여기간.csv,C:/projects/myproject/QDQM/DataSense/3_Attribute_Code/Source/신용공여기간.csv,신용공여기간코드
신용등급.csv,C:/projects/myproject/QDQM/DataSense/3_Attribute_Code/Source/신용등급.csv,신용등급코드
조직_수입관리.csv,C:/projects/myproject/QDQM/DataSense/3_Attribute_Code/Source/조직_수입관리.csv,OIO_ORG_COD
조직터미널마스터.csv,C:/projects/myproject/QDQM/DataSense/3_Attribute_Code/Source/조직터미널마스터.csv,터미널조직코드
ACCUSE_PROCESS_STUS.csv,C:/projects/myproject/QDQM/DataSense/4_Common_Code/csv/ACCUSE_PROCESS_STUS.csv,ACCUSE_PROCESS_STUS
ACCUSE_PROCESS_STUS_name.csv,C:/projects/myproject/QDQM/DataSense/4_Common_Code/csv/ACCUSE_PROCESS_STUS_name.csv,ACCUSE_PROCESS_STUS_name
ACC_TYP_CD_name.csv,C:/projects/myproject/QDQM/DataSense/4_Common_Code/csv/ACC_TYP_CD_name.csv,ACC_TYP_CD_name
ACEPTANCE_TYP_CD_name.csv,C:/projects/myproject/QDQM/DataSense/4_Common_Code/csv/ACEPTANCE_TYP_CD_name.csv,ACEPTANCE_TYP_CD_name
ACEPTANCE_TYP_name.csv,C:/projects/myproject/QDQM/DataSense/4_Common_Code/csv/ACEPTANCE_TYP_name.csv,ACEPTANCE_TYP_name
ADD_SVC_TYP.csv,C:/projects/myproject/QDQM/DataSense/4_Common_Code/csv/ADD_SVC_TYP.csv,ADD_SVC_TYP
ADD_SVC_TYP_desc.csv,C:/projects/myproject/QDQM/DataSense/4_Common_Code/csv/ADD_SVC_TYP_desc.csv,ADD_SVC_TYP_desc
ADD_SVC_TYP_name.csv,C:/projects/myproject/QDQM/DataSense/4_Common_Code/csv/ADD_SVC_TYP_name.csv,ADD_SVC_TYP_name
AIR_TML_GBN_name.csv,C:/projects/myproject/QDQM/DataSense/4_Common_Code/csv/AIR_TML_GBN_name.csv,AIR_TML_GBN_name
ALIMTALK_WRK_CD.csv,C:/projects/myproject/QDQM/DataSense/4_Common_Code/csv/ALIMTALK_WRK_CD.csv,ALIMTALK_WRK_CD
ALIMTALK_WRK_CD_name.csv,C:/projects/myproject/QDQM/DataSense/4_Common_Code/csv/ALIMTALK_WRK_CD_name.csv,ALIMTALK_WRK_CD_name
ALLOCATE_SOURCE_TYPE_CD.csv,C:/projects/myproject/QDQM/DataSense/4_Common_Code/csv/ALLOCATE_SOURCE_TYPE_CD.csv,ALLOCATE_SOURCE_TYPE_CD
ALLOCATE_SOURCE_TYPE_CD_desc.csv,C:/projects/myproject/QDQM/DataSense/4_Common_Code/csv/ALLOCATE_SOURCE_TYPE_CD_desc.csv,ALLOCATE_SOURCE_TYPE_CD_desc
ALLOCATE_SOURCE_TYPE_CD_name.csv,C:/projects/myproject/QDQM/DataSense/4_Common_Code/csv/ALLOCATE_SOURCE_TYPE_CD_name.csv,ALLOCATE_SOURCE_TYPE_CD_name
APRV_STUS.csv,C:/projects/myproject/QDQM/DataSense/4_Common_Code/csv/APRV_STUS.csv,APRV_STUS
APRV_STUS_name.csv,C:/projects/myproject/QDQM/DataSense/4_Common_Code/csv/APRV_STUS_name.csv,APRV_STUS_name
APR_PRCR_RSLT.csv,C:/projects/myproject/QDQM/DataSense/4_Common_Code/csv/APR_PRCR_RSLT.csv,APR_PRCR_RSLT
APR_PRCR_RSLT_name.csv,C:/projects/myproject/QDQM/DataSense/4_Common_Code/csv/APR_PRCR_RSLT_name.csv,APR_PRCR_RSLT_name
AREA_CAT.csv,C:/projects/myproject/QDQM/DataSense/4_Common_Code/csv/AREA_CAT.csv,AREA_CAT
AREA_CAT_DTL.csv,C:/projects/myproject/QDQM/DataSense/4_Common_Code/csv/AREA_CAT_DTL.csv,AREA_CAT_DTL
AREA_CAT_DTL_name.csv,C:/projects/myproject/QDQM/DataSense/4_Common_Code/csv/AREA_CAT_DTL_name.csv,AREA_CAT_DTL_name
AREA_CAT_name.csv,C:/projects/myproject/QDQM/DataSense/4_Common_Code/csv/AREA_CAT_name.csv,AREA_CAT_name
ARRV_SCAN_CAT.csv,C:/projects/myproject/QDQM/DataSense/4_Common_Code/csv/ARRV_SCAN_CAT.csv,ARRV_SCAN_CAT
ARRV_SCAN_CAT_name.csv,C:/projects/myproject/QDQM/DataSense/4_Common_Code/csv/ARRV_SCAN_CAT_name.csv,ARRV_SCAN_CAT_name
B2B_BOX_TYP.csv,C:/projects/myproject/QDQM/DataSense/4_Common_Code/csv/B2B_BOX_TYP.csv,B2B_BOX_TYP
B2B_BOX_TYP_name.csv,C:/projects/myproject/QDQM/DataSense/4_Common_Code/csv/B2B_BOX_TYP_name.csv,B2B_BOX_TYP_name
BANK_CD_name.csv,C:/projects/myproject/QDQM/DataSense/4_Common_Code/csv/BANK_CD_name.csv,BANK_CD_name
BANK_CURRENCY_CODE_desc.csv,C:/projects/myproject/QDQM/DataSense/4_Common_Code/csv/BANK_CURRENCY_CODE_desc.csv,BANK_CURRENCY_CODE_desc
BANK_CURRENCY_CODE_name.csv,C:/projects/myproject/QDQM/DataSense/4_Common_Code/csv/BANK_CURRENCY_CODE_name.csv,BANK_CURRENCY_CODE_name
BIZ_PARTNER.csv,C:/projects/myproject/QDQM/DataSense/4_Common_Code/csv/BIZ_PARTNER.csv,BIZ_PARTNER
BIZ_PARTNER_CAT.csv,C:/projects/myproject/QDQM/DataSense/4_Common_Code/csv/BIZ_PARTNER_CAT.csv,BIZ_PARTNER_CAT
BIZ_PARTNER_CAT_name.csv,C:/projects/myproject/QDQM/DataSense/4_Common_Code/csv/BIZ_PARTNER_CAT_name.csv,BIZ_PARTNER_CAT_name
BIZ_PARTNER_name.csv,C:/projects/myproject/QDQM/DataSense/4_Common_Code/csv/BIZ_PARTNER_name.csv,BIZ_PARTNER_name
BIZ_TYP.csv,C:/projects/myproject/QDQM/DataSense/4_Common_Code/csv/BIZ_TYP.csv,BIZ_TYP
BIZ_TYP_desc.csv,C:/projects/myproject/QDQM/DataSense/4_Common_Code/csv/BIZ_TYP_desc.csv,BIZ_TYP_desc
BIZ_TYP_name.csv,C:/projects/myproject/QDQM/DataSense/4_Common_Code/csv/BIZ_TYP_name.csv,BIZ_TYP_name
BLDG_DTL_CAT_name.csv,C:/projects/myproject/QDQM/DataSense/4_Common_Code/csv/BLDG_DTL_CAT_name.csv,BLDG_DTL_CAT_name
BLDG_SERCH_CAT_name.csv,C:/projects/myproject/QDQM/DataSense/4_Common_Code/csv/BLDG_SERCH_CAT_name.csv,BLDG_SERCH_CAT_name
BOX_TYP_name.csv,C:/projects/myproject/QDQM/DataSense/4_Common_Code/csv/BOX_TYP_name.csv,BOX_TYP_name
CALC_LABOR_ACCOUNT_CD.csv,C:/projects/myproject/QDQM/DataSense/4_Common_Code/csv/CALC_LABOR_ACCOUNT_CD.csv,CALC_LABOR_ACCOUNT_CD
CALC_LABOR_ACCOUNT_CD_desc.csv,C:/projects/myproject/QDQM/DataSense/4_Common_Code/csv/CALC_LABOR_ACCOUNT_CD_desc.csv,CALC_LABOR_ACCOUNT_CD_desc
CALC_LABOR_ACCOUNT_CD_name.csv,C:/projects/myproject/QDQM/DataSense/4_Common_Code/csv/CALC_LABOR_ACCOUNT_CD_name.csv,CALC_LABOR_ACCOUNT_CD_name
CALENDAR_DOW.csv,C:/projects/myproject/QDQM/DataSense/4_Common_Code/csv/CALENDAR_DOW.csv,CALENDAR_DOW
CALENDAR_DOW_desc.csv,C:/projects/myproject/QDQM/DataSense/4_Common_Code/csv/CALENDAR_DOW_desc.csv,CALENDAR_DOW_desc
CALENDAR_DOW_name.csv,C:/projects/myproject/QDQM/DataSense/4_Common_Code/csv/CALENDAR_DOW_name.csv,CALENDAR_DOW_name
CASH_SEARCH_TYPE.csv,C:/projects/myproject/QDQM/DataSense/4_Common_Code/csv/CASH_SEARCH_TYPE.csv,CASH_SEARCH_TYPE
CASH_SEARCH_TYPE_name.csv,C:/projects/myproject/QDQM/DataSense/4_Common_Code/csv/CASH_SEARCH_TYPE_name.csv,CASH_SEARCH_TYPE_name
CERT_DOC_KIND.csv,C:/projects/myproject/QDQM/DataSense/4_Common_Code/csv/CERT_DOC_KIND.csv,CERT_DOC_KIND
CERT_DOC_KIND_name.csv,C:/projects/myproject/QDQM/DataSense/4_Common_Code/csv/CERT_DOC_KIND_name.csv,CERT_DOC_KIND_name
CGO_CAT_CD_name.csv,C:/projects/myproject/QDQM/DataSense/4_Common_Code/csv/CGO_CAT_CD_name.csv,CGO_CAT_CD_name
CGO_TYP.csv,C:/projects/myproject/QDQM/DataSense/4_Common_Code/csv/CGO_TYP.csv,CGO_TYP
CGO_TYP_name.csv,C:/projects/myproject/QDQM/DataSense/4_Common_Code/csv/CGO_TYP_name.csv,CGO_TYP_name
CHANEL.csv,C:/projects/myproject/QDQM/DataSense/4_Common_Code/csv/CHANEL.csv,CHANEL
CHANEL_desc.csv,C:/projects/myproject/QDQM/DataSense/4_Common_Code/csv/CHANEL_desc.csv,CHANEL_desc
CHANEL_name.csv,C:/projects/myproject/QDQM/DataSense/4_Common_Code/csv/CHANEL_name.csv,CHANEL_name
CLAIM_CAT_CD_name.csv,C:/projects/myproject/QDQM/DataSense/4_Common_Code/csv/CLAIM_CAT_CD_name.csv,CLAIM_CAT_CD_name
CLM_CD_name.csv,C:/projects/myproject/QDQM/DataSense/4_Common_Code/csv/CLM_CD_name.csv,CLM_CD_name
CLM_CUST_CD_name.csv,C:/projects/myproject/QDQM/DataSense/4_Common_Code/csv/CLM_CUST_CD_name.csv,CLM_CUST_CD_name
CLM_DTL_CD_name.csv,C:/projects/myproject/QDQM/DataSense/4_Common_Code/csv/CLM_DTL_CD_name.csv,CLM_DTL_CD_name
CLM_STUS_CD_name.csv,C:/projects/myproject/QDQM/DataSense/4_Common_Code/csv/CLM_STUS_CD_name.csv,CLM_STUS_CD_name
CNFM_STUS_CD_name.csv,C:/projects/myproject/QDQM/DataSense/4_Common_Code/csv/CNFM_STUS_CD_name.csv,CNFM_STUS_CD_name
CNTRACT_CAT_name.csv,C:/projects/myproject/QDQM/DataSense/4_Common_Code/csv/CNTRACT_CAT_name.csv,CNTRACT_CAT_name
CNTRACT_CLOSE_name.csv,C:/projects/myproject/QDQM/DataSense/4_Common_Code/csv/CNTRACT_CLOSE_name.csv,CNTRACT_CLOSE_name
CNTRACT_EDI_RELATED_CAT.csv,C:/projects/myproject/QDQM/DataSense/4_Common_Code/csv/CNTRACT_EDI_RELATED_CAT.csv,CNTRACT_EDI_RELATED_CAT
CNTRACT_EDI_RELATED_CAT_name.csv,C:/projects/myproject/QDQM/DataSense/4_Common_Code/csv/CNTRACT_EDI_RELATED_CAT_name.csv,CNTRACT_EDI_RELATED_CAT_name
COLLECT_SHAPE_CD_name.csv,C:/projects/myproject/QDQM/DataSense/4_Common_Code/csv/COLLECT_SHAPE_CD_name.csv,COLLECT_SHAPE_CD_name
COMODITY.csv,C:/projects/myproject/QDQM/DataSense/4_Common_Code/csv/COMODITY.csv,COMODITY
COMODITY_CAT.csv,C:/projects/myproject/QDQM/DataSense/4_Common_Code/csv/COMODITY_CAT.csv,COMODITY_CAT
COMODITY_CAT_name.csv,C:/projects/myproject/QDQM/DataSense/4_Common_Code/csv/COMODITY_CAT_name.csv,COMODITY_CAT_name
COMODITY_name.csv,C:/projects/myproject/QDQM/DataSense/4_Common_Code/csv/COMODITY_name.csv,COMODITY_name
COMPLAIN_RSN_CD.csv,C:/projects/myproject/QDQM/DataSense/4_Common_Code/csv/COMPLAIN_RSN_CD.csv,COMPLAIN_RSN_CD
COMPLAIN_RSN_CD_name.csv,C:/projects/myproject/QDQM/DataSense/4_Common_Code/csv/COMPLAIN_RSN_CD_name.csv,COMPLAIN_RSN_CD_name
COMPLAIN_TYP_CD_name.csv,C:/projects/myproject/QDQM/DataSense/4_Common_Code/csv/COMPLAIN_TYP_CD_name.csv,COMPLAIN_TYP_CD_name
CONFIG_GROUP.csv,C:/projects/myproject/QDQM/DataSense/4_Common_Code/csv/CONFIG_GROUP.csv,CONFIG_GROUP
CONFIG_GROUP_desc.csv,C:/projects/myproject/QDQM/DataSense/4_Common_Code/csv/CONFIG_GROUP_desc.csv,CONFIG_GROUP_desc
CONFIG_GROUP_name.csv,C:/projects/myproject/QDQM/DataSense/4_Common_Code/csv/CONFIG_GROUP_name.csv,CONFIG_GROUP_name
CONFIG_NO_TYP.csv,C:/projects/myproject/QDQM/DataSense/4_Common_Code/csv/CONFIG_NO_TYP.csv,CONFIG_NO_TYP
CONFIG_NO_TYP_desc.csv,C:/projects/myproject/QDQM/DataSense/4_Common_Code/csv/CONFIG_NO_TYP_desc.csv,CONFIG_NO_TYP_desc
CONFIG_NO_TYP_name.csv,C:/projects/myproject/QDQM/DataSense/4_Common_Code/csv/CONFIG_NO_TYP_name.csv,CONFIG_NO_TYP_name
CURRENCY_CODE.csv,C:/projects/myproject/QDQM/DataSense/4_Common_Code/csv/CURRENCY_CODE.csv,CURRENCY_CODE
CUSTOMER_COST_TYPE_CD.csv,C:/projects/myproject/QDQM/DataSense/4_Common_Code/csv/CUSTOMER_COST_TYPE_CD.csv,CUSTOMER_COST_TYPE_CD
CUSTOMER_COST_TYPE_CD_desc.csv,C:/projects/myproject/QDQM/DataSense/4_Common_Code/csv/CUSTOMER_COST_TYPE_CD_desc.csv,CUSTOMER_COST_TYPE_CD_desc
CUSTOMER_COST_TYPE_CD_name.csv,C:/projects/myproject/QDQM/DataSense/4_Common_Code/csv/CUSTOMER_COST_TYPE_CD_name.csv,CUSTOMER_COST_TYPE_CD_name
CUSTOMER_SLIP_TYPE_CD.csv,C:/projects/myproject/QDQM/DataSense/4_Common_Code/csv/CUSTOMER_SLIP_TYPE_CD.csv,CUSTOMER_SLIP_TYPE_CD
CUSTOMER_SLIP_TYPE_CD_desc.csv,C:/projects/myproject/QDQM/DataSense/4_Common_Code/csv/CUSTOMER_SLIP_TYPE_CD_desc.csv,CUSTOMER_SLIP_TYPE_CD_desc
CUSTOMER_SLIP_TYPE_CD_name.csv,C:/projects/myproject/QDQM/DataSense/4_Common_Code/csv/CUSTOMER_SLIP_TYPE_CD_name.csv,CUSTOMER_SLIP_TYPE_CD_name
CUSTOMER_SUBACCOUNT_CD_desc.csv,C:/projects/myproject/QDQM/DataSense/4_Common_Code/csv/CUSTOMER_SUBACCOUNT_CD_desc.csv,CUSTOMER_SUBACCOUNT_CD_desc
CUSTOMER_SUBACCOUNT_CD_name.csv,C:/projects/myproject/QDQM/DataSense/4_Common_Code/csv/CUSTOMER_SUBACCOUNT_CD_name.csv,CUSTOMER_SUBACCOUNT_CD_name
CUST_CAT.csv,C:/projects/myproject/QDQM/DataSense/4_Common_Code/csv/CUST_CAT.csv,CUST_CAT
CUST_CAT_name.csv,C:/projects/myproject/QDQM/DataSense/4_Common_Code/csv/CUST_CAT_name.csv,CUST_CAT_name
CUST_EDI.csv,C:/projects/myproject/QDQM/DataSense/4_Common_Code/csv/CUST_EDI.csv,CUST_EDI
CUST_EDI_desc.csv,C:/projects/myproject/QDQM/DataSense/4_Common_Code/csv/CUST_EDI_desc.csv,CUST_EDI_desc
CUST_EDI_name.csv,C:/projects/myproject/QDQM/DataSense/4_Common_Code/csv/CUST_EDI_name.csv,CUST_EDI_name
CUST_PRINT_CAT.csv,C:/projects/myproject/QDQM/DataSense/4_Common_Code/csv/CUST_PRINT_CAT.csv,CUST_PRINT_CAT
CUST_TYP_VOL.csv,C:/projects/myproject/QDQM/DataSense/4_Common_Code/csv/CUST_TYP_VOL.csv,CUST_TYP_VOL
CUST_TYP_VOL_name.csv,C:/projects/myproject/QDQM/DataSense/4_Common_Code/csv/CUST_TYP_VOL_name.csv,CUST_TYP_VOL_name
DATA_CATEGORY_CD.csv,C:/projects/myproject/QDQM/DataSense/4_Common_Code/csv/DATA_CATEGORY_CD.csv,DATA_CATEGORY_CD
DATA_CATEGORY_CD_desc.csv,C:/projects/myproject/QDQM/DataSense/4_Common_Code/csv/DATA_CATEGORY_CD_desc.csv,DATA_CATEGORY_CD_desc
DATA_CATEGORY_CD_name.csv,C:/projects/myproject/QDQM/DataSense/4_Common_Code/csv/DATA_CATEGORY_CD_name.csv,DATA_CATEGORY_CD_name
DAYOFF_RSN.csv,C:/projects/myproject/QDQM/DataSense/4_Common_Code/csv/DAYOFF_RSN.csv,DAYOFF_RSN
DAYOFF_RSN_name.csv,C:/projects/myproject/QDQM/DataSense/4_Common_Code/csv/DAYOFF_RSN_name.csv,DAYOFF_RSN_name
DB_TYP.csv,C:/projects/myproject/QDQM/DataSense/4_Common_Code/csv/DB_TYP.csv,DB_TYP
DEPT_SCAN_CAT.csv,C:/projects/myproject/QDQM/DataSense/4_Common_Code/csv/DEPT_SCAN_CAT.csv,DEPT_SCAN_CAT
DEPT_SCAN_CAT_name.csv,C:/projects/myproject/QDQM/DataSense/4_Common_Code/csv/DEPT_SCAN_CAT_name.csv,DEPT_SCAN_CAT_name
DISCARD_ASK_RSN.csv,C:/projects/myproject/QDQM/DataSense/4_Common_Code/csv/DISCARD_ASK_RSN.csv,DISCARD_ASK_RSN
DISCARD_ASK_RSN_name.csv,C:/projects/myproject/QDQM/DataSense/4_Common_Code/csv/DISCARD_ASK_RSN_name.csv,DISCARD_ASK_RSN_name
DIV_TML_TYP_CD_name.csv,C:/projects/myproject/QDQM/DataSense/4_Common_Code/csv/DIV_TML_TYP_CD_name.csv,DIV_TML_TYP_CD_name
DLV_ORG_TYP.csv,C:/projects/myproject/QDQM/DataSense/4_Common_Code/csv/DLV_ORG_TYP.csv,DLV_ORG_TYP
DLV_ORG_TYP_desc.csv,C:/projects/myproject/QDQM/DataSense/4_Common_Code/csv/DLV_ORG_TYP_desc.csv,DLV_ORG_TYP_desc
DLV_ORG_TYP_name.csv,C:/projects/myproject/QDQM/DataSense/4_Common_Code/csv/DLV_ORG_TYP_name.csv,DLV_ORG_TYP_name
DOCCAT.csv,C:/projects/myproject/QDQM/DataSense/4_Common_Code/csv/DOCCAT.csv,DOCCAT
DOCCAT_name.csv,C:/projects/myproject/QDQM/DataSense/4_Common_Code/csv/DOCCAT_name.csv,DOCCAT_name
DRIVE_LICENCE_KIND.csv,C:/projects/myproject/QDQM/DataSense/4_Common_Code/csv/DRIVE_LICENCE_KIND.csv,DRIVE_LICENCE_KIND
DRIVE_LICENCE_KIND_name.csv,C:/projects/myproject/QDQM/DataSense/4_Common_Code/csv/DRIVE_LICENCE_KIND_name.csv,DRIVE_LICENCE_KIND_name
DRIVING_CAT_name.csv,C:/projects/myproject/QDQM/DataSense/4_Common_Code/csv/DRIVING_CAT_name.csv,DRIVING_CAT_name
EDI_CGO_APPROVE_CNTRACT_NO_name.csv,C:/projects/myproject/QDQM/DataSense/4_Common_Code/csv/EDI_CGO_APPROVE_CNTRACT_NO_name.csv,EDI_CGO_APPROVE_CNTRACT_NO_name
EDI_CONFIG.csv,C:/projects/myproject/QDQM/DataSense/4_Common_Code/csv/EDI_CONFIG.csv,EDI_CONFIG
EDI_CONFIG_desc.csv,C:/projects/myproject/QDQM/DataSense/4_Common_Code/csv/EDI_CONFIG_desc.csv,EDI_CONFIG_desc
EDI_CONFIG_name.csv,C:/projects/myproject/QDQM/DataSense/4_Common_Code/csv/EDI_CONFIG_name.csv,EDI_CONFIG_name
EDI_ERR.csv,C:/projects/myproject/QDQM/DataSense/4_Common_Code/csv/EDI_ERR.csv,EDI_ERR
EDI_ERR_desc.csv,C:/projects/myproject/QDQM/DataSense/4_Common_Code/csv/EDI_ERR_desc.csv,EDI_ERR_desc
EDI_ERR_name.csv,C:/projects/myproject/QDQM/DataSense/4_Common_Code/csv/EDI_ERR_name.csv,EDI_ERR_name
EMAIL_SND_RCV_CAT.csv,C:/projects/myproject/QDQM/DataSense/4_Common_Code/csv/EMAIL_SND_RCV_CAT.csv,EMAIL_SND_RCV_CAT
EMAIL_SND_RCV_CAT_desc.csv,C:/projects/myproject/QDQM/DataSense/4_Common_Code/csv/EMAIL_SND_RCV_CAT_desc.csv,EMAIL_SND_RCV_CAT_desc
EMAIL_SND_RCV_CAT_name.csv,C:/projects/myproject/QDQM/DataSense/4_Common_Code/csv/EMAIL_SND_RCV_CAT_name.csv,EMAIL_SND_RCV_CAT_name
EM_FOM_TYP.csv,C:/projects/myproject/QDQM/DataSense/4_Common_Code/csv/EM_FOM_TYP.csv,EM_FOM_TYP
EM_FOM_TYP_name.csv,C:/projects/myproject/QDQM/DataSense/4_Common_Code/csv/EM_FOM_TYP_name.csv,EM_FOM_TYP_name
EQUIP_CAT.csv,C:/projects/myproject/QDQM/DataSense/4_Common_Code/csv/EQUIP_CAT.csv,EQUIP_CAT
EQUIP_CAT_name.csv,C:/projects/myproject/QDQM/DataSense/4_Common_Code/csv/EQUIP_CAT_name.csv,EQUIP_CAT_name
EQUIP_KIND.csv,C:/projects/myproject/QDQM/DataSense/4_Common_Code/csv/EQUIP_KIND.csv,EQUIP_KIND
EQUIP_KIND_name.csv,C:/projects/myproject/QDQM/DataSense/4_Common_Code/csv/EQUIP_KIND_name.csv,EQUIP_KIND_name
EQUIP_MANUFACT_CO.csv,C:/projects/myproject/QDQM/DataSense/4_Common_Code/csv/EQUIP_MANUFACT_CO.csv,EQUIP_MANUFACT_CO
EQUIP_MANUFACT_CO_name.csv,C:/projects/myproject/QDQM/DataSense/4_Common_Code/csv/EQUIP_MANUFACT_CO_name.csv,EQUIP_MANUFACT_CO_name
EQUIP_USAGE.csv,C:/projects/myproject/QDQM/DataSense/4_Common_Code/csv/EQUIP_USAGE.csv,EQUIP_USAGE
EQUIP_USAGE_name.csv,C:/projects/myproject/QDQM/DataSense/4_Common_Code/csv/EQUIP_USAGE_name.csv,EQUIP_USAGE_name
ETR_BALANCE_MGT_ACCT_desc.csv,C:/projects/myproject/QDQM/DataSense/4_Common_Code/csv/ETR_BALANCE_MGT_ACCT_desc.csv,ETR_BALANCE_MGT_ACCT_desc
ETR_BALANCE_SOURCE.csv,C:/projects/myproject/QDQM/DataSense/4_Common_Code/csv/ETR_BALANCE_SOURCE.csv,ETR_BALANCE_SOURCE
ETR_BALANCE_SOURCE_desc.csv,C:/projects/myproject/QDQM/DataSense/4_Common_Code/csv/ETR_BALANCE_SOURCE_desc.csv,ETR_BALANCE_SOURCE_desc
ETR_BALANCE_SOURCE_name.csv,C:/projects/myproject/QDQM/DataSense/4_Common_Code/csv/ETR_BALANCE_SOURCE_name.csv,ETR_BALANCE_SOURCE_name
ETR_BALANCE_TYPE.csv,C:/projects/myproject/QDQM/DataSense/4_Common_Code/csv/ETR_BALANCE_TYPE.csv,ETR_BALANCE_TYPE
ETR_BALANCE_TYPE_desc.csv,C:/projects/myproject/QDQM/DataSense/4_Common_Code/csv/ETR_BALANCE_TYPE_desc.csv,ETR_BALANCE_TYPE_desc
ETR_BALANCE_TYPE_name.csv,C:/projects/myproject/QDQM/DataSense/4_Common_Code/csv/ETR_BALANCE_TYPE_name.csv,ETR_BALANCE_TYPE_name
ETR_BANK_CODE.csv,C:/projects/myproject/QDQM/DataSense/4_Common_Code/csv/ETR_BANK_CODE.csv,ETR_BANK_CODE
ETR_BANK_CODE_desc.csv,C:/projects/myproject/QDQM/DataSense/4_Common_Code/csv/ETR_BANK_CODE_desc.csv,ETR_BANK_CODE_desc
ETR_BANK_CODE_name.csv,C:/projects/myproject/QDQM/DataSense/4_Common_Code/csv/ETR_BANK_CODE_name.csv,ETR_BANK_CODE_name
ETR_COUNTRY_CODE.csv,C:/projects/myproject/QDQM/DataSense/4_Common_Code/csv/ETR_COUNTRY_CODE.csv,ETR_COUNTRY_CODE
ETR_COUNTRY_CODE_desc.csv,C:/projects/myproject/QDQM/DataSense/4_Common_Code/csv/ETR_COUNTRY_CODE_desc.csv,ETR_COUNTRY_CODE_desc
ETR_COUNTRY_CODE_name.csv,C:/projects/myproject/QDQM/DataSense/4_Common_Code/csv/ETR_COUNTRY_CODE_name.csv,ETR_COUNTRY_CODE_name
ETR_CURRENCY_CODE.csv,C:/projects/myproject/QDQM/DataSense/4_Common_Code/csv/ETR_CURRENCY_CODE.csv,ETR_CURRENCY_CODE
ETR_CURRENCY_CODE_desc.csv,C:/projects/myproject/QDQM/DataSense/4_Common_Code/csv/ETR_CURRENCY_CODE_desc.csv,ETR_CURRENCY_CODE_desc
ETR_CURRENCY_CODE_name.csv,C:/projects/myproject/QDQM/DataSense/4_Common_Code/csv/ETR_CURRENCY_CODE_name.csv,ETR_CURRENCY_CODE_name
ETR_GL_CATEGORY_MAPPING.csv,C:/projects/myproject/QDQM/DataSense/4_Common_Code/csv/ETR_GL_CATEGORY_MAPPING.csv,ETR_GL_CATEGORY_MAPPING
ETR_GL_CATEGORY_MAPPING_desc.csv,C:/projects/myproject/QDQM/DataSense/4_Common_Code/csv/ETR_GL_CATEGORY_MAPPING_desc.csv,ETR_GL_CATEGORY_MAPPING_desc
ETR_GL_CATEGORY_MAPPING_name.csv,C:/projects/myproject/QDQM/DataSense/4_Common_Code/csv/ETR_GL_CATEGORY_MAPPING_name.csv,ETR_GL_CATEGORY_MAPPING_name
ETR_PAYMENT_METHOD.csv,C:/projects/myproject/QDQM/DataSense/4_Common_Code/csv/ETR_PAYMENT_METHOD.csv,ETR_PAYMENT_METHOD
ETR_PAYMENT_METHOD_desc.csv,C:/projects/myproject/QDQM/DataSense/4_Common_Code/csv/ETR_PAYMENT_METHOD_desc.csv,ETR_PAYMENT_METHOD_desc
ETR_PAYMENT_METHOD_name.csv,C:/projects/myproject/QDQM/DataSense/4_Common_Code/csv/ETR_PAYMENT_METHOD_name.csv,ETR_PAYMENT_METHOD_name
ETR_SYSTEM_OPTION.csv,C:/projects/myproject/QDQM/DataSense/4_Common_Code/csv/ETR_SYSTEM_OPTION.csv,ETR_SYSTEM_OPTION
ETR_SYSTEM_OPTION_desc.csv,C:/projects/myproject/QDQM/DataSense/4_Common_Code/csv/ETR_SYSTEM_OPTION_desc.csv,ETR_SYSTEM_OPTION_desc
ETR_SYSTEM_OPTION_name.csv,C:/projects/myproject/QDQM/DataSense/4_Common_Code/csv/ETR_SYSTEM_OPTION_name.csv,ETR_SYSTEM_OPTION_name
ETR_TRANSACTION_SOURCE.csv,C:/projects/myproject/QDQM/DataSense/4_Common_Code/csv/ETR_TRANSACTION_SOURCE.csv,ETR_TRANSACTION_SOURCE
ETR_TRANSACTION_SOURCE_desc.csv,C:/projects/myproject/QDQM/DataSense/4_Common_Code/csv/ETR_TRANSACTION_SOURCE_desc.csv,ETR_TRANSACTION_SOURCE_desc
ETR_TRANSACTION_SOURCE_name.csv,C:/projects/myproject/QDQM/DataSense/4_Common_Code/csv/ETR_TRANSACTION_SOURCE_name.csv,ETR_TRANSACTION_SOURCE_name
ETR_TRANSACTION_TYPE.csv,C:/projects/myproject/QDQM/DataSense/4_Common_Code/csv/ETR_TRANSACTION_TYPE.csv,ETR_TRANSACTION_TYPE
ETR_TRANSACTION_TYPE_desc.csv,C:/projects/myproject/QDQM/DataSense/4_Common_Code/csv/ETR_TRANSACTION_TYPE_desc.csv,ETR_TRANSACTION_TYPE_desc
ETR_TRANSACTION_TYPE_name.csv,C:/projects/myproject/QDQM/DataSense/4_Common_Code/csv/ETR_TRANSACTION_TYPE_name.csv,ETR_TRANSACTION_TYPE_name
FAULT_TGT_RANGE_CD.csv,C:/projects/myproject/QDQM/DataSense/4_Common_Code/csv/FAULT_TGT_RANGE_CD.csv,FAULT_TGT_RANGE_CD
FAULT_TGT_RANGE_CD_desc.csv,C:/projects/myproject/QDQM/DataSense/4_Common_Code/csv/FAULT_TGT_RANGE_CD_desc.csv,FAULT_TGT_RANGE_CD_desc
FAULT_TGT_RANGE_CD_name.csv,C:/projects/myproject/QDQM/DataSense/4_Common_Code/csv/FAULT_TGT_RANGE_CD_name.csv,FAULT_TGT_RANGE_CD_name
FEE_SECTION_CAT.csv,C:/projects/myproject/QDQM/DataSense/4_Common_Code/csv/FEE_SECTION_CAT.csv,FEE_SECTION_CAT
FEE_SECTION_CAT_name.csv,C:/projects/myproject/QDQM/DataSense/4_Common_Code/csv/FEE_SECTION_CAT_name.csv,FEE_SECTION_CAT_name
FOCUSIF_CUS_MAIL.csv,C:/projects/myproject/QDQM/DataSense/4_Common_Code/csv/FOCUSIF_CUS_MAIL.csv,FOCUSIF_CUS_MAIL
FOCUSIF_CUS_MAIL_desc.csv,C:/projects/myproject/QDQM/DataSense/4_Common_Code/csv/FOCUSIF_CUS_MAIL_desc.csv,FOCUSIF_CUS_MAIL_desc
FOCUSIF_CUS_MAIL_name.csv,C:/projects/myproject/QDQM/DataSense/4_Common_Code/csv/FOCUSIF_CUS_MAIL_name.csv,FOCUSIF_CUS_MAIL_name
FOCUSIF_EDI_CUST_NM.csv,C:/projects/myproject/QDQM/DataSense/4_Common_Code/csv/FOCUSIF_EDI_CUST_NM.csv,FOCUSIF_EDI_CUST_NM
FOCUSIF_EDI_CUST_NM_desc.csv,C:/projects/myproject/QDQM/DataSense/4_Common_Code/csv/FOCUSIF_EDI_CUST_NM_desc.csv,FOCUSIF_EDI_CUST_NM_desc
FOCUSIF_EDI_CUST_NM_name.csv,C:/projects/myproject/QDQM/DataSense/4_Common_Code/csv/FOCUSIF_EDI_CUST_NM_name.csv,FOCUSIF_EDI_CUST_NM_name
FOCUSIF_REPLACE_CHAR_name.csv,C:/projects/myproject/QDQM/DataSense/4_Common_Code/csv/FOCUSIF_REPLACE_CHAR_name.csv,FOCUSIF_REPLACE_CHAR_name
FOCUSIF_SVC_CD.csv,C:/projects/myproject/QDQM/DataSense/4_Common_Code/csv/FOCUSIF_SVC_CD.csv,FOCUSIF_SVC_CD
FOCUSIF_SVC_CD_desc.csv,C:/projects/myproject/QDQM/DataSense/4_Common_Code/csv/FOCUSIF_SVC_CD_desc.csv,FOCUSIF_SVC_CD_desc
FOCUSIF_SVC_CD_name.csv,C:/projects/myproject/QDQM/DataSense/4_Common_Code/csv/FOCUSIF_SVC_CD_name.csv,FOCUSIF_SVC_CD_name
GL_COA_SEGMENT2.csv,C:/projects/myproject/QDQM/DataSense/4_Common_Code/csv/GL_COA_SEGMENT2.csv,GL_COA_SEGMENT2
GL_COA_SEGMENT2_desc.csv,C:/projects/myproject/QDQM/DataSense/4_Common_Code/csv/GL_COA_SEGMENT2_desc.csv,GL_COA_SEGMENT2_desc
GL_COA_SEGMENT3.csv,C:/projects/myproject/QDQM/DataSense/4_Common_Code/csv/GL_COA_SEGMENT3.csv,GL_COA_SEGMENT3
GL_COA_SEGMENT3_desc.csv,C:/projects/myproject/QDQM/DataSense/4_Common_Code/csv/GL_COA_SEGMENT3_desc.csv,GL_COA_SEGMENT3_desc
GL_COA_SEGMENT4.csv,C:/projects/myproject/QDQM/DataSense/4_Common_Code/csv/GL_COA_SEGMENT4.csv,GL_COA_SEGMENT4
GL_COA_SEGMENT4_desc.csv,C:/projects/myproject/QDQM/DataSense/4_Common_Code/csv/GL_COA_SEGMENT4_desc.csv,GL_COA_SEGMENT4_desc
GL_COA_SEGMENT5_desc.csv,C:/projects/myproject/QDQM/DataSense/4_Common_Code/csv/GL_COA_SEGMENT5_desc.csv,GL_COA_SEGMENT5_desc
GL_COA_SEGMENT6.csv,C:/projects/myproject/QDQM/DataSense/4_Common_Code/csv/GL_COA_SEGMENT6.csv,GL_COA_SEGMENT6
GL_COA_SEGMENT6_desc.csv,C:/projects/myproject/QDQM/DataSense/4_Common_Code/csv/GL_COA_SEGMENT6_desc.csv,GL_COA_SEGMENT6_desc
GL_INTERFACE_STATUS.csv,C:/projects/myproject/QDQM/DataSense/4_Common_Code/csv/GL_INTERFACE_STATUS.csv,GL_INTERFACE_STATUS
GL_INTERFACE_STATUS_desc.csv,C:/projects/myproject/QDQM/DataSense/4_Common_Code/csv/GL_INTERFACE_STATUS_desc.csv,GL_INTERFACE_STATUS_desc
GL_INTERFACE_STATUS_name.csv,C:/projects/myproject/QDQM/DataSense/4_Common_Code/csv/GL_INTERFACE_STATUS_name.csv,GL_INTERFACE_STATUS_name
HDS_ACEPTANCE_TYP_CD.csv,C:/projects/myproject/QDQM/DataSense/4_Common_Code/csv/HDS_ACEPTANCE_TYP_CD.csv,HDS_ACEPTANCE_TYP_CD
HDS_ACEPTANCE_TYP_CD_name.csv,C:/projects/myproject/QDQM/DataSense/4_Common_Code/csv/HDS_ACEPTANCE_TYP_CD_name.csv,HDS_ACEPTANCE_TYP_CD_name
HDS_RESP_CAT_CD_name.csv,C:/projects/myproject/QDQM/DataSense/4_Common_Code/csv/HDS_RESP_CAT_CD_name.csv,HDS_RESP_CAT_CD_name
HWBL_SEARCH_TYP.csv,C:/projects/myproject/QDQM/DataSense/4_Common_Code/csv/HWBL_SEARCH_TYP.csv,HWBL_SEARCH_TYP
HWBL_SEARCH_TYP_name.csv,C:/projects/myproject/QDQM/DataSense/4_Common_Code/csv/HWBL_SEARCH_TYP_name.csv,HWBL_SEARCH_TYP_name
IF_WRK_EDI.csv,C:/projects/myproject/QDQM/DataSense/4_Common_Code/csv/IF_WRK_EDI.csv,IF_WRK_EDI
IF_WRK_EDI_name.csv,C:/projects/myproject/QDQM/DataSense/4_Common_Code/csv/IF_WRK_EDI_name.csv,IF_WRK_EDI_name
IMPOSE_CAT_CD.csv,C:/projects/myproject/QDQM/DataSense/4_Common_Code/csv/IMPOSE_CAT_CD.csv,IMPOSE_CAT_CD
IMPOSE_CAT_CD_name.csv,C:/projects/myproject/QDQM/DataSense/4_Common_Code/csv/IMPOSE_CAT_CD_name.csv,IMPOSE_CAT_CD_name
INCENTIVE_SORTING.csv,C:/projects/myproject/QDQM/DataSense/4_Common_Code/csv/INCENTIVE_SORTING.csv,INCENTIVE_SORTING
INCENTIVE_SORTING_name.csv,C:/projects/myproject/QDQM/DataSense/4_Common_Code/csv/INCENTIVE_SORTING_name.csv,INCENTIVE_SORTING_name
INCOME_NEW_ORG_desc.csv,C:/projects/myproject/QDQM/DataSense/4_Common_Code/csv/INCOME_NEW_ORG_desc.csv,INCOME_NEW_ORG_desc
INCOME_ORG.csv,C:/projects/myproject/QDQM/DataSense/4_Common_Code/csv/INCOME_ORG.csv,INCOME_ORG
INCOME_ORG_desc.csv,C:/projects/myproject/QDQM/DataSense/4_Common_Code/csv/INCOME_ORG_desc.csv,INCOME_ORG_desc
INCOME_ORG_name.csv,C:/projects/myproject/QDQM/DataSense/4_Common_Code/csv/INCOME_ORG_name.csv,INCOME_ORG_name
INFORM_CYCLE_desc.csv,C:/projects/myproject/QDQM/DataSense/4_Common_Code/csv/INFORM_CYCLE_desc.csv,INFORM_CYCLE_desc
INFORM_CYCLE_name.csv,C:/projects/myproject/QDQM/DataSense/4_Common_Code/csv/INFORM_CYCLE_name.csv,INFORM_CYCLE_name
INPUT_PATH_CAT_CD_name.csv,C:/projects/myproject/QDQM/DataSense/4_Common_Code/csv/INPUT_PATH_CAT_CD_name.csv,INPUT_PATH_CAT_CD_name
INSTALL_CO.csv,C:/projects/myproject/QDQM/DataSense/4_Common_Code/csv/INSTALL_CO.csv,INSTALL_CO
INSTALL_CO_name.csv,C:/projects/myproject/QDQM/DataSense/4_Common_Code/csv/INSTALL_CO_name.csv,INSTALL_CO_name
JOB_KIND.csv,C:/projects/myproject/QDQM/DataSense/4_Common_Code/csv/JOB_KIND.csv,JOB_KIND
JOB_KIND_desc.csv,C:/projects/myproject/QDQM/DataSense/4_Common_Code/csv/JOB_KIND_desc.csv,JOB_KIND_desc
JOB_KIND_name.csv,C:/projects/myproject/QDQM/DataSense/4_Common_Code/csv/JOB_KIND_name.csv,JOB_KIND_name
JOIN_PATH_CAT.csv,C:/projects/myproject/QDQM/DataSense/4_Common_Code/csv/JOIN_PATH_CAT.csv,JOIN_PATH_CAT
JOIN_PATH_CAT_name.csv,C:/projects/myproject/QDQM/DataSense/4_Common_Code/csv/JOIN_PATH_CAT_name.csv,JOIN_PATH_CAT_name
LEGCY_HDS_CO.csv,C:/projects/myproject/QDQM/DataSense/4_Common_Code/csv/LEGCY_HDS_CO.csv,LEGCY_HDS_CO
LEGCY_HDS_CO_name.csv,C:/projects/myproject/QDQM/DataSense/4_Common_Code/csv/LEGCY_HDS_CO_name.csv,LEGCY_HDS_CO_name
LOGIN_FAIL_RSN.csv,C:/projects/myproject/QDQM/DataSense/4_Common_Code/csv/LOGIN_FAIL_RSN.csv,LOGIN_FAIL_RSN
LOGIN_FAIL_RSN_desc.csv,C:/projects/myproject/QDQM/DataSense/4_Common_Code/csv/LOGIN_FAIL_RSN_desc.csv,LOGIN_FAIL_RSN_desc
LOGIN_FAIL_RSN_name.csv,C:/projects/myproject/QDQM/DataSense/4_Common_Code/csv/LOGIN_FAIL_RSN_name.csv,LOGIN_FAIL_RSN_name
LOST_RSN.csv,C:/projects/myproject/QDQM/DataSense/4_Common_Code/csv/LOST_RSN.csv,LOST_RSN
LOST_RSN_name.csv,C:/projects/myproject/QDQM/DataSense/4_Common_Code/csv/LOST_RSN_name.csv,LOST_RSN_name
MATERIAL_CAT.csv,C:/projects/myproject/QDQM/DataSense/4_Common_Code/csv/MATERIAL_CAT.csv,MATERIAL_CAT
MATERIAL_CAT_name.csv,C:/projects/myproject/QDQM/DataSense/4_Common_Code/csv/MATERIAL_CAT_name.csv,MATERIAL_CAT_name
MERGE_PAYMENT_ACCOUNT.csv,C:/projects/myproject/QDQM/DataSense/4_Common_Code/csv/MERGE_PAYMENT_ACCOUNT.csv,MERGE_PAYMENT_ACCOUNT
MERGE_PAYMENT_ACCOUNT_desc.csv,C:/projects/myproject/QDQM/DataSense/4_Common_Code/csv/MERGE_PAYMENT_ACCOUNT_desc.csv,MERGE_PAYMENT_ACCOUNT_desc
MILEGE_CAT_name.csv,C:/projects/myproject/QDQM/DataSense/4_Common_Code/csv/MILEGE_CAT_name.csv,MILEGE_CAT_name
MILEGE_EP_name.csv,C:/projects/myproject/QDQM/DataSense/4_Common_Code/csv/MILEGE_EP_name.csv,MILEGE_EP_name
MILEGE_FD_name.csv,C:/projects/myproject/QDQM/DataSense/4_Common_Code/csv/MILEGE_FD_name.csv,MILEGE_FD_name
MILEGE_FP_name.csv,C:/projects/myproject/QDQM/DataSense/4_Common_Code/csv/MILEGE_FP_name.csv,MILEGE_FP_name
MILEGE_KIND.csv,C:/projects/myproject/QDQM/DataSense/4_Common_Code/csv/MILEGE_KIND.csv,MILEGE_KIND
MILEGE_KIND_name.csv,C:/projects/myproject/QDQM/DataSense/4_Common_Code/csv/MILEGE_KIND_name.csv,MILEGE_KIND_name
MILEGE_RD_name.csv,C:/projects/myproject/QDQM/DataSense/4_Common_Code/csv/MILEGE_RD_name.csv,MILEGE_RD_name
MILEGE_RSLT_name.csv,C:/projects/myproject/QDQM/DataSense/4_Common_Code/csv/MILEGE_RSLT_name.csv,MILEGE_RSLT_name
MINUS_DTL_CAT_name.csv,C:/projects/myproject/QDQM/DataSense/4_Common_Code/csv/MINUS_DTL_CAT_name.csv,MINUS_DTL_CAT_name
MIS_RSN.csv,C:/projects/myproject/QDQM/DataSense/4_Common_Code/csv/MIS_RSN.csv,MIS_RSN
MIS_RSN_name.csv,C:/projects/myproject/QDQM/DataSense/4_Common_Code/csv/MIS_RSN_name.csv,MIS_RSN_name
MNG_ACTN_ALLOCATE_FACTOR_CD.csv,C:/projects/myproject/QDQM/DataSense/4_Common_Code/csv/MNG_ACTN_ALLOCATE_FACTOR_CD.csv,MNG_ACTN_ALLOCATE_FACTOR_CD
MNG_ACTN_ALLOCATE_FACTOR_CD_desc.csv,C:/projects/myproject/QDQM/DataSense/4_Common_Code/csv/MNG_ACTN_ALLOCATE_FACTOR_CD_desc.csv,MNG_ACTN_ALLOCATE_FACTOR_CD_desc
MNG_ACTN_ALLOCATE_FACTOR_CD_name.csv,C:/projects/myproject/QDQM/DataSense/4_Common_Code/csv/MNG_ACTN_ALLOCATE_FACTOR_CD_name.csv,MNG_ACTN_ALLOCATE_FACTOR_CD_name
MNG_ACTN_CUST_ALLOCATE_FACTOR_CD.csv,C:/projects/myproject/QDQM/DataSense/4_Common_Code/csv/MNG_ACTN_CUST_ALLOCATE_FACTOR_CD.csv,MNG_ACTN_CUST_ALLOCATE_FACTOR_CD
MNG_ACTN_CUST_ALLOCATE_FACTOR_CD_desc.csv,C:/projects/myproject/QDQM/DataSense/4_Common_Code/csv/MNG_ACTN_CUST_ALLOCATE_FACTOR_CD_desc.csv,MNG_ACTN_CUST_ALLOCATE_FACTOR_CD_desc
MNG_ACTN_CUST_ALLOCATE_FACTOR_CD_name.csv,C:/projects/myproject/QDQM/DataSense/4_Common_Code/csv/MNG_ACTN_CUST_ALLOCATE_FACTOR_CD_name.csv,MNG_ACTN_CUST_ALLOCATE_FACTOR_CD_name
MSG_TYP.csv,C:/projects/myproject/QDQM/DataSense/4_Common_Code/csv/MSG_TYP.csv,MSG_TYP
MSG_TYP_desc.csv,C:/projects/myproject/QDQM/DataSense/4_Common_Code/csv/MSG_TYP_desc.csv,MSG_TYP_desc
MSG_TYP_name.csv,C:/projects/myproject/QDQM/DataSense/4_Common_Code/csv/MSG_TYP_name.csv,MSG_TYP_name
NHX_MSG_CD_desc.csv,C:/projects/myproject/QDQM/DataSense/4_Common_Code/csv/NHX_MSG_CD_desc.csv,NHX_MSG_CD_desc
NHX_MSG_CD_name.csv,C:/projects/myproject/QDQM/DataSense/4_Common_Code/csv/NHX_MSG_CD_name.csv,NHX_MSG_CD_name
NOTEBOX_CAT.csv,C:/projects/myproject/QDQM/DataSense/4_Common_Code/csv/NOTEBOX_CAT.csv,NOTEBOX_CAT
NOTEBOX_CAT_name.csv,C:/projects/myproject/QDQM/DataSense/4_Common_Code/csv/NOTEBOX_CAT_name.csv,NOTEBOX_CAT_name
NOWSTUS.csv,C:/projects/myproject/QDQM/DataSense/4_Common_Code/csv/NOWSTUS.csv,NOWSTUS
NOWSTUS_name.csv,C:/projects/myproject/QDQM/DataSense/4_Common_Code/csv/NOWSTUS_name.csv,NOWSTUS_name
NOW_DTL_STUS_CD.csv,C:/projects/myproject/QDQM/DataSense/4_Common_Code/csv/NOW_DTL_STUS_CD.csv,NOW_DTL_STUS_CD
NOW_DTL_STUS_CD_name.csv,C:/projects/myproject/QDQM/DataSense/4_Common_Code/csv/NOW_DTL_STUS_CD_name.csv,NOW_DTL_STUS_CD_name
ONECLICK_APRV_STUS.csv,C:/projects/myproject/QDQM/DataSense/4_Common_Code/csv/ONECLICK_APRV_STUS.csv,ONECLICK_APRV_STUS
ONECLICK_APRV_STUS_name.csv,C:/projects/myproject/QDQM/DataSense/4_Common_Code/csv/ONECLICK_APRV_STUS_name.csv,ONECLICK_APRV_STUS_name
OPT_KIND.csv,C:/projects/myproject/QDQM/DataSense/4_Common_Code/csv/OPT_KIND.csv,OPT_KIND
OPT_KIND_name.csv,C:/projects/myproject/QDQM/DataSense/4_Common_Code/csv/OPT_KIND_name.csv,OPT_KIND_name
OP_RATE_VIEW_RANGE_name.csv,C:/projects/myproject/QDQM/DataSense/4_Common_Code/csv/OP_RATE_VIEW_RANGE_name.csv,OP_RATE_VIEW_RANGE_name
ORG_CAT.csv,C:/projects/myproject/QDQM/DataSense/4_Common_Code/csv/ORG_CAT.csv,ORG_CAT
ORG_CAT_desc.csv,C:/projects/myproject/QDQM/DataSense/4_Common_Code/csv/ORG_CAT_desc.csv,ORG_CAT_desc
ORG_CAT_name.csv,C:/projects/myproject/QDQM/DataSense/4_Common_Code/csv/ORG_CAT_name.csv,ORG_CAT_name
ORG_REG_TYP.csv,C:/projects/myproject/QDQM/DataSense/4_Common_Code/csv/ORG_REG_TYP.csv,ORG_REG_TYP
ORG_REG_TYP_name.csv,C:/projects/myproject/QDQM/DataSense/4_Common_Code/csv/ORG_REG_TYP_name.csv,ORG_REG_TYP_name
ORG_TYP.csv,C:/projects/myproject/QDQM/DataSense/4_Common_Code/csv/ORG_TYP.csv,ORG_TYP
ORG_TYP_desc.csv,C:/projects/myproject/QDQM/DataSense/4_Common_Code/csv/ORG_TYP_desc.csv,ORG_TYP_desc
ORG_TYP_name.csv,C:/projects/myproject/QDQM/DataSense/4_Common_Code/csv/ORG_TYP_name.csv,ORG_TYP_name
PARTNER_COLLATERAL_TYPE_desc.csv,C:/projects/myproject/QDQM/DataSense/4_Common_Code/csv/PARTNER_COLLATERAL_TYPE_desc.csv,PARTNER_COLLATERAL_TYPE_desc
PARTNER_COLLATERAL_TYPE_name.csv,C:/projects/myproject/QDQM/DataSense/4_Common_Code/csv/PARTNER_COLLATERAL_TYPE_name.csv,PARTNER_COLLATERAL_TYPE_name
PATH_name.csv,C:/projects/myproject/QDQM/DataSense/4_Common_Code/csv/PATH_name.csv,PATH_name
PAY_BANK.csv,C:/projects/myproject/QDQM/DataSense/4_Common_Code/csv/PAY_BANK.csv,PAY_BANK
PAY_TYP.csv,C:/projects/myproject/QDQM/DataSense/4_Common_Code/csv/PAY_TYP.csv,PAY_TYP
PAY_TYP_name.csv,C:/projects/myproject/QDQM/DataSense/4_Common_Code/csv/PAY_TYP_name.csv,PAY_TYP_name
PD_EVL_CAT_name.csv,C:/projects/myproject/QDQM/DataSense/4_Common_Code/csv/PD_EVL_CAT_name.csv,PD_EVL_CAT_name
PENAL_TYP_CD_name.csv,C:/projects/myproject/QDQM/DataSense/4_Common_Code/csv/PENAL_TYP_CD_name.csv,PENAL_TYP_CD_name
PERMIT_REIGN_SGG_name.csv,C:/projects/myproject/QDQM/DataSense/4_Common_Code/csv/PERMIT_REIGN_SGG_name.csv,PERMIT_REIGN_SGG_name
PERMIT_REIGN_SIDO_name.csv,C:/projects/myproject/QDQM/DataSense/4_Common_Code/csv/PERMIT_REIGN_SIDO_name.csv,PERMIT_REIGN_SIDO_name
PGM_KIND.csv,C:/projects/myproject/QDQM/DataSense/4_Common_Code/csv/PGM_KIND.csv,PGM_KIND
PGM_KIND_name.csv,C:/projects/myproject/QDQM/DataSense/4_Common_Code/csv/PGM_KIND_name.csv,PGM_KIND_name
PGM_LANG.csv,C:/projects/myproject/QDQM/DataSense/4_Common_Code/csv/PGM_LANG.csv,PGM_LANG
pmntCd.csv,C:/projects/myproject/QDQM/DataSense/4_Common_Code/csv/pmntCd.csv,pmntCd
pmntCd_name.csv,C:/projects/myproject/QDQM/DataSense/4_Common_Code/csv/pmntCd_name.csv,pmntCd_name
PRCR_RSLT.csv,C:/projects/myproject/QDQM/DataSense/4_Common_Code/csv/PRCR_RSLT.csv,PRCR_RSLT
PRCR_RSLT_name.csv,C:/projects/myproject/QDQM/DataSense/4_Common_Code/csv/PRCR_RSLT_name.csv,PRCR_RSLT_name
PROCESS_STUS.csv,C:/projects/myproject/QDQM/DataSense/4_Common_Code/csv/PROCESS_STUS.csv,PROCESS_STUS
PROCESS_STUS_name.csv,C:/projects/myproject/QDQM/DataSense/4_Common_Code/csv/PROCESS_STUS_name.csv,PROCESS_STUS_name
PTNS_CAT.csv,C:/projects/myproject/QDQM/DataSense/4_Common_Code/csv/PTNS_CAT.csv,PTNS_CAT
PTNS_CAT_desc.csv,C:/projects/myproject/QDQM/DataSense/4_Common_Code/csv/PTNS_CAT_desc.csv,PTNS_CAT_desc
PTNS_CAT_name.csv,C:/projects/myproject/QDQM/DataSense/4_Common_Code/csv/PTNS_CAT_name.csv,PTNS_CAT_name
QUICKTEXT_ID.csv,C:/projects/myproject/QDQM/DataSense/4_Common_Code/csv/QUICKTEXT_ID.csv,QUICKTEXT_ID
QUICKTEXT_ID_name.csv,C:/projects/myproject/QDQM/DataSense/4_Common_Code/csv/QUICKTEXT_ID_name.csv,QUICKTEXT_ID_name
RATE_TYP.csv,C:/projects/myproject/QDQM/DataSense/4_Common_Code/csv/RATE_TYP.csv,RATE_TYP
RATE_TYP_desc.csv,C:/projects/myproject/QDQM/DataSense/4_Common_Code/csv/RATE_TYP_desc.csv,RATE_TYP_desc
RATE_TYP_name.csv,C:/projects/myproject/QDQM/DataSense/4_Common_Code/csv/RATE_TYP_name.csv,RATE_TYP_name
REG_PATH.csv,C:/projects/myproject/QDQM/DataSense/4_Common_Code/csv/REG_PATH.csv,REG_PATH
REG_PATH_name.csv,C:/projects/myproject/QDQM/DataSense/4_Common_Code/csv/REG_PATH_name.csv,REG_PATH_name
REL_CAT_CD.csv,C:/projects/myproject/QDQM/DataSense/4_Common_Code/csv/REL_CAT_CD.csv,REL_CAT_CD
REL_CAT_CD_name.csv,C:/projects/myproject/QDQM/DataSense/4_Common_Code/csv/REL_CAT_CD_name.csv,REL_CAT_CD_name
REPORT_SEARCH_POV.csv,C:/projects/myproject/QDQM/DataSense/4_Common_Code/csv/REPORT_SEARCH_POV.csv,REPORT_SEARCH_POV
REPORT_SEARCH_POV_desc.csv,C:/projects/myproject/QDQM/DataSense/4_Common_Code/csv/REPORT_SEARCH_POV_desc.csv,REPORT_SEARCH_POV_desc
REPORT_SEARCH_POV_name.csv,C:/projects/myproject/QDQM/DataSense/4_Common_Code/csv/REPORT_SEARCH_POV_name.csv,REPORT_SEARCH_POV_name
RESOURCE_TYP.csv,C:/projects/myproject/QDQM/DataSense/4_Common_Code/csv/RESOURCE_TYP.csv,RESOURCE_TYP
RESOURCE_TYP_name.csv,C:/projects/myproject/QDQM/DataSense/4_Common_Code/csv/RESOURCE_TYP_name.csv,RESOURCE_TYP_name
RETURN_CAT.csv,C:/projects/myproject/QDQM/DataSense/4_Common_Code/csv/RETURN_CAT.csv,RETURN_CAT
RETURN_CAT_name.csv,C:/projects/myproject/QDQM/DataSense/4_Common_Code/csv/RETURN_CAT_name.csv,RETURN_CAT_name
ROLE_TYP.csv,C:/projects/myproject/QDQM/DataSense/4_Common_Code/csv/ROLE_TYP.csv,ROLE_TYP
ROLE_TYP_desc.csv,C:/projects/myproject/QDQM/DataSense/4_Common_Code/csv/ROLE_TYP_desc.csv,ROLE_TYP_desc
ROLE_TYP_name.csv,C:/projects/myproject/QDQM/DataSense/4_Common_Code/csv/ROLE_TYP_name.csv,ROLE_TYP_name
ROUTE_PLAN_TYP_name.csv,C:/projects/myproject/QDQM/DataSense/4_Common_Code/csv/ROUTE_PLAN_TYP_name.csv,ROUTE_PLAN_TYP_name
RSN_CD_name.csv,C:/projects/myproject/QDQM/DataSense/4_Common_Code/csv/RSN_CD_name.csv,RSN_CD_name
RSN_CLEARANCE_UNA_name.csv,C:/projects/myproject/QDQM/DataSense/4_Common_Code/csv/RSN_CLEARANCE_UNA_name.csv,RSN_CLEARANCE_UNA_name
RSN_CUSTOM_NA.csv,C:/projects/myproject/QDQM/DataSense/4_Common_Code/csv/RSN_CUSTOM_NA.csv,RSN_CUSTOM_NA
RSN_CUSTOM_NA_name.csv,C:/projects/myproject/QDQM/DataSense/4_Common_Code/csv/RSN_CUSTOM_NA_name.csv,RSN_CUSTOM_NA_name
RSN_CUSTOM_ND.csv,C:/projects/myproject/QDQM/DataSense/4_Common_Code/csv/RSN_CUSTOM_ND.csv,RSN_CUSTOM_ND
RSN_CUSTOM_ND_name.csv,C:/projects/myproject/QDQM/DataSense/4_Common_Code/csv/RSN_CUSTOM_ND_name.csv,RSN_CUSTOM_ND_name
RSN_DISCARD_name.csv,C:/projects/myproject/QDQM/DataSense/4_Common_Code/csv/RSN_DISCARD_name.csv,RSN_DISCARD_name
RSN_DISPOSAL.csv,C:/projects/myproject/QDQM/DataSense/4_Common_Code/csv/RSN_DISPOSAL.csv,RSN_DISPOSAL
RSN_DISPOSAL_name.csv,C:/projects/myproject/QDQM/DataSense/4_Common_Code/csv/RSN_DISPOSAL_name.csv,RSN_DISPOSAL_name
RSN_EDI_WRK.csv,C:/projects/myproject/QDQM/DataSense/4_Common_Code/csv/RSN_EDI_WRK.csv,RSN_EDI_WRK
RSN_EDI_WRK_name.csv,C:/projects/myproject/QDQM/DataSense/4_Common_Code/csv/RSN_EDI_WRK_name.csv,RSN_EDI_WRK_name
RSN_IRR.csv,C:/projects/myproject/QDQM/DataSense/4_Common_Code/csv/RSN_IRR.csv,RSN_IRR
RSN_IRR_name.csv,C:/projects/myproject/QDQM/DataSense/4_Common_Code/csv/RSN_IRR_name.csv,RSN_IRR_name
RSN_MISS_ARRV_name.csv,C:/projects/myproject/QDQM/DataSense/4_Common_Code/csv/RSN_MISS_ARRV_name.csv,RSN_MISS_ARRV_name
RSN_MIS_ARV.csv,C:/projects/myproject/QDQM/DataSense/4_Common_Code/csv/RSN_MIS_ARV.csv,RSN_MIS_ARV
RSN_MIS_ARV_name.csv,C:/projects/myproject/QDQM/DataSense/4_Common_Code/csv/RSN_MIS_ARV_name.csv,RSN_MIS_ARV_name
RSN_NOT_DECLARE_name.csv,C:/projects/myproject/QDQM/DataSense/4_Common_Code/csv/RSN_NOT_DECLARE_name.csv,RSN_NOT_DECLARE_name
RSN_NOT_DLV_name.csv,C:/projects/myproject/QDQM/DataSense/4_Common_Code/csv/RSN_NOT_DLV_name.csv,RSN_NOT_DLV_name
RSN_NOT_PICK.csv,C:/projects/myproject/QDQM/DataSense/4_Common_Code/csv/RSN_NOT_PICK.csv,RSN_NOT_PICK
RSN_NOT_PICKUP_name.csv,C:/projects/myproject/QDQM/DataSense/4_Common_Code/csv/RSN_NOT_PICKUP_name.csv,RSN_NOT_PICKUP_name
RSN_NOT_PICK_name.csv,C:/projects/myproject/QDQM/DataSense/4_Common_Code/csv/RSN_NOT_PICK_name.csv,RSN_NOT_PICK_name
RSN_RETURN_2.csv,C:/projects/myproject/QDQM/DataSense/4_Common_Code/csv/RSN_RETURN_2.csv,RSN_RETURN_2
RSN_RETURN_2_name.csv,C:/projects/myproject/QDQM/DataSense/4_Common_Code/csv/RSN_RETURN_2_name.csv,RSN_RETURN_2_name
RSN_RSV_CNCL.csv,C:/projects/myproject/QDQM/DataSense/4_Common_Code/csv/RSN_RSV_CNCL.csv,RSN_RSV_CNCL
RSN_RSV_CNCL_name.csv,C:/projects/myproject/QDQM/DataSense/4_Common_Code/csv/RSN_RSV_CNCL_name.csv,RSN_RSV_CNCL_name
RSN_SENDBACK_name.csv,C:/projects/myproject/QDQM/DataSense/4_Common_Code/csv/RSN_SENDBACK_name.csv,RSN_SENDBACK_name
RSN_TML_HLD_name.csv,C:/projects/myproject/QDQM/DataSense/4_Common_Code/csv/RSN_TML_HLD_name.csv,RSN_TML_HLD_name
RSN_TML_REMAIN.csv,C:/projects/myproject/QDQM/DataSense/4_Common_Code/csv/RSN_TML_REMAIN.csv,RSN_TML_REMAIN
RSN_TML_REMAIN_name.csv,C:/projects/myproject/QDQM/DataSense/4_Common_Code/csv/RSN_TML_REMAIN_name.csv,RSN_TML_REMAIN_name
RSN_UN_DLV.csv,C:/projects/myproject/QDQM/DataSense/4_Common_Code/csv/RSN_UN_DLV.csv,RSN_UN_DLV
RSN_UN_DLV_name.csv,C:/projects/myproject/QDQM/DataSense/4_Common_Code/csv/RSN_UN_DLV_name.csv,RSN_UN_DLV_name
RSV_CHANEL.csv,C:/projects/myproject/QDQM/DataSense/4_Common_Code/csv/RSV_CHANEL.csv,RSV_CHANEL
RSV_CHANEL_name.csv,C:/projects/myproject/QDQM/DataSense/4_Common_Code/csv/RSV_CHANEL_name.csv,RSV_CHANEL_name
SCAN_ERR.csv,C:/projects/myproject/QDQM/DataSense/4_Common_Code/csv/SCAN_ERR.csv,SCAN_ERR
SCAN_ERR_name.csv,C:/projects/myproject/QDQM/DataSense/4_Common_Code/csv/SCAN_ERR_name.csv,SCAN_ERR_name
SETTLE_CD.csv,C:/projects/myproject/QDQM/DataSense/4_Common_Code/csv/SETTLE_CD.csv,SETTLE_CD
SETTLE_CD_desc.csv,C:/projects/myproject/QDQM/DataSense/4_Common_Code/csv/SETTLE_CD_desc.csv,SETTLE_CD_desc
SETTLE_CD_name.csv,C:/projects/myproject/QDQM/DataSense/4_Common_Code/csv/SETTLE_CD_name.csv,SETTLE_CD_name
SETTLE_STUS_name.csv,C:/projects/myproject/QDQM/DataSense/4_Common_Code/csv/SETTLE_STUS_name.csv,SETTLE_STUS_name
SHOP_CAT.csv,C:/projects/myproject/QDQM/DataSense/4_Common_Code/csv/SHOP_CAT.csv,SHOP_CAT
SHOP_CAT_name.csv,C:/projects/myproject/QDQM/DataSense/4_Common_Code/csv/SHOP_CAT_name.csv,SHOP_CAT_name
SHOP_TYP.csv,C:/projects/myproject/QDQM/DataSense/4_Common_Code/csv/SHOP_TYP.csv,SHOP_TYP
SHOP_TYP_name.csv,C:/projects/myproject/QDQM/DataSense/4_Common_Code/csv/SHOP_TYP_name.csv,SHOP_TYP_name
SIDO_NM.csv,C:/projects/myproject/QDQM/DataSense/4_Common_Code/csv/SIDO_NM.csv,SIDO_NM
SMS_CAT.csv,C:/projects/myproject/QDQM/DataSense/4_Common_Code/csv/SMS_CAT.csv,SMS_CAT
SMS_CAT_desc.csv,C:/projects/myproject/QDQM/DataSense/4_Common_Code/csv/SMS_CAT_desc.csv,SMS_CAT_desc
SMS_CAT_name.csv,C:/projects/myproject/QDQM/DataSense/4_Common_Code/csv/SMS_CAT_name.csv,SMS_CAT_name
SNDR_TEL_NO.csv,C:/projects/myproject/QDQM/DataSense/4_Common_Code/csv/SNDR_TEL_NO.csv,SNDR_TEL_NO
SNDR_TEL_NO_name.csv,C:/projects/myproject/QDQM/DataSense/4_Common_Code/csv/SNDR_TEL_NO_name.csv,SNDR_TEL_NO_name
SND_CAT_name.csv,C:/projects/myproject/QDQM/DataSense/4_Common_Code/csv/SND_CAT_name.csv,SND_CAT_name
SORTER_SYS.csv,C:/projects/myproject/QDQM/DataSense/4_Common_Code/csv/SORTER_SYS.csv,SORTER_SYS
SORTER_SYS_name.csv,C:/projects/myproject/QDQM/DataSense/4_Common_Code/csv/SORTER_SYS_name.csv,SORTER_SYS_name
SPCL_CUST_SEARCH_TYP.csv,C:/projects/myproject/QDQM/DataSense/4_Common_Code/csv/SPCL_CUST_SEARCH_TYP.csv,SPCL_CUST_SEARCH_TYP
SPCL_CUST_SEARCH_TYP_name.csv,C:/projects/myproject/QDQM/DataSense/4_Common_Code/csv/SPCL_CUST_SEARCH_TYP_name.csv,SPCL_CUST_SEARCH_TYP_name
SPCL_WRK_CAT.csv,C:/projects/myproject/QDQM/DataSense/4_Common_Code/csv/SPCL_WRK_CAT.csv,SPCL_WRK_CAT
SPCL_WRK_CAT_name.csv,C:/projects/myproject/QDQM/DataSense/4_Common_Code/csv/SPCL_WRK_CAT_name.csv,SPCL_WRK_CAT_name
SQL_KIND.csv,C:/projects/myproject/QDQM/DataSense/4_Common_Code/csv/SQL_KIND.csv,SQL_KIND
SQL_KIND_desc.csv,C:/projects/myproject/QDQM/DataSense/4_Common_Code/csv/SQL_KIND_desc.csv,SQL_KIND_desc
SQL_KIND_name.csv,C:/projects/myproject/QDQM/DataSense/4_Common_Code/csv/SQL_KIND_name.csv,SQL_KIND_name
SQL_TBL_KIND_name.csv,C:/projects/myproject/QDQM/DataSense/4_Common_Code/csv/SQL_TBL_KIND_name.csv,SQL_TBL_KIND_name
SRT_IF_ERR.csv,C:/projects/myproject/QDQM/DataSense/4_Common_Code/csv/SRT_IF_ERR.csv,SRT_IF_ERR
SRT_IF_ERR_desc.csv,C:/projects/myproject/QDQM/DataSense/4_Common_Code/csv/SRT_IF_ERR_desc.csv,SRT_IF_ERR_desc
SRT_IF_ERR_name.csv,C:/projects/myproject/QDQM/DataSense/4_Common_Code/csv/SRT_IF_ERR_name.csv,SRT_IF_ERR_name
STAT_TYP_VOL_name.csv,C:/projects/myproject/QDQM/DataSense/4_Common_Code/csv/STAT_TYP_VOL_name.csv,STAT_TYP_VOL_name
STRATEGY_CUST_CD.csv,C:/projects/myproject/QDQM/DataSense/4_Common_Code/csv/STRATEGY_CUST_CD.csv,STRATEGY_CUST_CD
STRATEGY_CUST_CD_name.csv,C:/projects/myproject/QDQM/DataSense/4_Common_Code/csv/STRATEGY_CUST_CD_name.csv,STRATEGY_CUST_CD_name
STRATEGY_SALZ_BIZ_NO.csv,C:/projects/myproject/QDQM/DataSense/4_Common_Code/csv/STRATEGY_SALZ_BIZ_NO.csv,STRATEGY_SALZ_BIZ_NO
STRATEGY_SALZ_BIZ_NO_name.csv,C:/projects/myproject/QDQM/DataSense/4_Common_Code/csv/STRATEGY_SALZ_BIZ_NO_name.csv,STRATEGY_SALZ_BIZ_NO_name
STUS_UPDATE_DT.csv,C:/projects/myproject/QDQM/DataSense/4_Common_Code/csv/STUS_UPDATE_DT.csv,STUS_UPDATE_DT
STUS_UPDATE_DT_name.csv,C:/projects/myproject/QDQM/DataSense/4_Common_Code/csv/STUS_UPDATE_DT_name.csv,STUS_UPDATE_DT_name
SUBACCOUNT_CD_desc.csv,C:/projects/myproject/QDQM/DataSense/4_Common_Code/csv/SUBACCOUNT_CD_desc.csv,SUBACCOUNT_CD_desc
SUBACCOUNT_CD_name.csv,C:/projects/myproject/QDQM/DataSense/4_Common_Code/csv/SUBACCOUNT_CD_name.csv,SUBACCOUNT_CD_name
SUM_INCOME_SECTION.csv,C:/projects/myproject/QDQM/DataSense/4_Common_Code/csv/SUM_INCOME_SECTION.csv,SUM_INCOME_SECTION
SUM_INCOME_SECTION_desc.csv,C:/projects/myproject/QDQM/DataSense/4_Common_Code/csv/SUM_INCOME_SECTION_desc.csv,SUM_INCOME_SECTION_desc
SUM_INCOME_SECTION_name.csv,C:/projects/myproject/QDQM/DataSense/4_Common_Code/csv/SUM_INCOME_SECTION_name.csv,SUM_INCOME_SECTION_name
SUM_SECTION.csv,C:/projects/myproject/QDQM/DataSense/4_Common_Code/csv/SUM_SECTION.csv,SUM_SECTION
SUM_SECTION_name.csv,C:/projects/myproject/QDQM/DataSense/4_Common_Code/csv/SUM_SECTION_name.csv,SUM_SECTION_name
SUM_SORTING_CAT.csv,C:/projects/myproject/QDQM/DataSense/4_Common_Code/csv/SUM_SORTING_CAT.csv,SUM_SORTING_CAT
SUM_SORTING_CAT_name.csv,C:/projects/myproject/QDQM/DataSense/4_Common_Code/csv/SUM_SORTING_CAT_name.csv,SUM_SORTING_CAT_name
SUM_TYP_VOL.csv,C:/projects/myproject/QDQM/DataSense/4_Common_Code/csv/SUM_TYP_VOL.csv,SUM_TYP_VOL
SUM_TYP_VOL_name.csv,C:/projects/myproject/QDQM/DataSense/4_Common_Code/csv/SUM_TYP_VOL_name.csv,SUM_TYP_VOL_name
SVC.csv,C:/projects/myproject/QDQM/DataSense/4_Common_Code/csv/SVC.csv,SVC
SVC_CAT.csv,C:/projects/myproject/QDQM/DataSense/4_Common_Code/csv/SVC_CAT.csv,SVC_CAT
SVC_CAT_name.csv,C:/projects/myproject/QDQM/DataSense/4_Common_Code/csv/SVC_CAT_name.csv,SVC_CAT_name
SVC_IN_EDI.csv,C:/projects/myproject/QDQM/DataSense/4_Common_Code/csv/SVC_IN_EDI.csv,SVC_IN_EDI
SVC_IN_EDI_name.csv,C:/projects/myproject/QDQM/DataSense/4_Common_Code/csv/SVC_IN_EDI_name.csv,SVC_IN_EDI_name
SVC_ISSUE.csv,C:/projects/myproject/QDQM/DataSense/4_Common_Code/csv/SVC_ISSUE.csv,SVC_ISSUE
SVC_ISSUE_name.csv,C:/projects/myproject/QDQM/DataSense/4_Common_Code/csv/SVC_ISSUE_name.csv,SVC_ISSUE_name
SVC_name.csv,C:/projects/myproject/QDQM/DataSense/4_Common_Code/csv/SVC_name.csv,SVC_name
SVC_TYP_CD1_name.csv,C:/projects/myproject/QDQM/DataSense/4_Common_Code/csv/SVC_TYP_CD1_name.csv,SVC_TYP_CD1_name
SVC_TYP_CD2_name.csv,C:/projects/myproject/QDQM/DataSense/4_Common_Code/csv/SVC_TYP_CD2_name.csv,SVC_TYP_CD2_name
SVC_TYP_CD3_name.csv,C:/projects/myproject/QDQM/DataSense/4_Common_Code/csv/SVC_TYP_CD3_name.csv,SVC_TYP_CD3_name
SVC_TYP_CD4_name.csv,C:/projects/myproject/QDQM/DataSense/4_Common_Code/csv/SVC_TYP_CD4_name.csv,SVC_TYP_CD4_name
SYSTEM.csv,C:/projects/myproject/QDQM/DataSense/4_Common_Code/csv/SYSTEM.csv,SYSTEM
SYSTEM_name.csv,C:/projects/myproject/QDQM/DataSense/4_Common_Code/csv/SYSTEM_name.csv,SYSTEM_name
TA_ACEPTANCE_TYP.csv,C:/projects/myproject/QDQM/DataSense/4_Common_Code/csv/TA_ACEPTANCE_TYP.csv,TA_ACEPTANCE_TYP
TA_ACEPTANCE_TYP_desc.csv,C:/projects/myproject/QDQM/DataSense/4_Common_Code/csv/TA_ACEPTANCE_TYP_desc.csv,TA_ACEPTANCE_TYP_desc
TA_ACEPTANCE_TYP_name.csv,C:/projects/myproject/QDQM/DataSense/4_Common_Code/csv/TA_ACEPTANCE_TYP_name.csv,TA_ACEPTANCE_TYP_name
TA_SALZ_STUS.csv,C:/projects/myproject/QDQM/DataSense/4_Common_Code/csv/TA_SALZ_STUS.csv,TA_SALZ_STUS
TA_SALZ_STUS_name.csv,C:/projects/myproject/QDQM/DataSense/4_Common_Code/csv/TA_SALZ_STUS_name.csv,TA_SALZ_STUS_name
TML_CAT.csv,C:/projects/myproject/QDQM/DataSense/4_Common_Code/csv/TML_CAT.csv,TML_CAT
TML_CAT_CD_desc.csv,C:/projects/myproject/QDQM/DataSense/4_Common_Code/csv/TML_CAT_CD_desc.csv,TML_CAT_CD_desc
TML_CAT_CD_name.csv,C:/projects/myproject/QDQM/DataSense/4_Common_Code/csv/TML_CAT_CD_name.csv,TML_CAT_CD_name
TML_CAT_desc.csv,C:/projects/myproject/QDQM/DataSense/4_Common_Code/csv/TML_CAT_desc.csv,TML_CAT_desc
TML_CAT_name.csv,C:/projects/myproject/QDQM/DataSense/4_Common_Code/csv/TML_CAT_name.csv,TML_CAT_name
TOSS_CD_name.csv,C:/projects/myproject/QDQM/DataSense/4_Common_Code/csv/TOSS_CD_name.csv,TOSS_CD_name
TRANS_FEE_CAT.csv,C:/projects/myproject/QDQM/DataSense/4_Common_Code/csv/TRANS_FEE_CAT.csv,TRANS_FEE_CAT
TRANS_FEE_CAT_desc.csv,C:/projects/myproject/QDQM/DataSense/4_Common_Code/csv/TRANS_FEE_CAT_desc.csv,TRANS_FEE_CAT_desc
TRANS_FEE_CAT_name.csv,C:/projects/myproject/QDQM/DataSense/4_Common_Code/csv/TRANS_FEE_CAT_name.csv,TRANS_FEE_CAT_name
UNIT_WORK.csv,C:/projects/myproject/QDQM/DataSense/4_Common_Code/csv/UNIT_WORK.csv,UNIT_WORK
UNIT_WORK_desc.csv,C:/projects/myproject/QDQM/DataSense/4_Common_Code/csv/UNIT_WORK_desc.csv,UNIT_WORK_desc
UNIT_WORK_name.csv,C:/projects/myproject/QDQM/DataSense/4_Common_Code/csv/UNIT_WORK_name.csv,UNIT_WORK_name
UNREGISTER_RSLT_name.csv,C:/projects/myproject/QDQM/DataSense/4_Common_Code/csv/UNREGISTER_RSLT_name.csv,UNREGISTER_RSLT_name
VENDOR.csv,C:/projects/myproject/QDQM/DataSense/4_Common_Code/csv/VENDOR.csv,VENDOR
VENDOR_name.csv,C:/projects/myproject/QDQM/DataSense/4_Common_Code/csv/VENDOR_name.csv,VENDOR_name
VHCL_FUEL.csv,C:/projects/myproject/QDQM/DataSense/4_Common_Code/csv/VHCL_FUEL.csv,VHCL_FUEL
VHCL_FUEL_name.csv,C:/projects/myproject/QDQM/DataSense/4_Common_Code/csv/VHCL_FUEL_name.csv,VHCL_FUEL_name
VHCL_MODEL_name.csv,C:/projects/myproject/QDQM/DataSense/4_Common_Code/csv/VHCL_MODEL_name.csv,VHCL_MODEL_name
VHCL_SHAPE.csv,C:/projects/myproject/QDQM/DataSense/4_Common_Code/csv/VHCL_SHAPE.csv,VHCL_SHAPE
VHCL_SHAPE_name.csv,C:/projects/myproject/QDQM/DataSense/4_Common_Code/csv/VHCL_SHAPE_name.csv,VHCL_SHAPE_name
VHCL_STRUCT_CHG.csv,C:/projects/myproject/QDQM/DataSense/4_Common_Code/csv/VHCL_STRUCT_CHG.csv,VHCL_STRUCT_CHG
VHCL_STRUCT_CHG_name.csv,C:/projects/myproject/QDQM/DataSense/4_Common_Code/csv/VHCL_STRUCT_CHG_name.csv,VHCL_STRUCT_CHG_name
WBL_CHG_CAT.csv,C:/projects/myproject/QDQM/DataSense/4_Common_Code/csv/WBL_CHG_CAT.csv,WBL_CHG_CAT
WBL_CHG_CAT_name.csv,C:/projects/myproject/QDQM/DataSense/4_Common_Code/csv/WBL_CHG_CAT_name.csv,WBL_CHG_CAT_name
WBL_CLSF_name.csv,C:/projects/myproject/QDQM/DataSense/4_Common_Code/csv/WBL_CLSF_name.csv,WBL_CLSF_name
WBL_DEL_CAT_name.csv,C:/projects/myproject/QDQM/DataSense/4_Common_Code/csv/WBL_DEL_CAT_name.csv,WBL_DEL_CAT_name
WBL_DIV_CAT.csv,C:/projects/myproject/QDQM/DataSense/4_Common_Code/csv/WBL_DIV_CAT.csv,WBL_DIV_CAT
WBL_DIV_CAT_name.csv,C:/projects/myproject/QDQM/DataSense/4_Common_Code/csv/WBL_DIV_CAT_name.csv,WBL_DIV_CAT_name
WBL_DLV_CAT.csv,C:/projects/myproject/QDQM/DataSense/4_Common_Code/csv/WBL_DLV_CAT.csv,WBL_DLV_CAT
WBL_DLV_CAT_name.csv,C:/projects/myproject/QDQM/DataSense/4_Common_Code/csv/WBL_DLV_CAT_name.csv,WBL_DLV_CAT_name
WBL_TYP.csv,C:/projects/myproject/QDQM/DataSense/4_Common_Code/csv/WBL_TYP.csv,WBL_TYP
WBL_TYP_desc.csv,C:/projects/myproject/QDQM/DataSense/4_Common_Code/csv/WBL_TYP_desc.csv,WBL_TYP_desc
WBL_TYP_name.csv,C:/projects/myproject/QDQM/DataSense/4_Common_Code/csv/WBL_TYP_name.csv,WBL_TYP_name
WBL_UPDATE_CAT.csv,C:/projects/myproject/QDQM/DataSense/4_Common_Code/csv/WBL_UPDATE_CAT.csv,WBL_UPDATE_CAT
WBL_UPDATE_CAT_name.csv,C:/projects/myproject/QDQM/DataSense/4_Common_Code/csv/WBL_UPDATE_CAT_name.csv,WBL_UPDATE_CAT_name
WH_IN_TM_name.csv,C:/projects/myproject/QDQM/DataSense/4_Common_Code/csv/WH_IN_TM_name.csv,WH_IN_TM_name
WORK_PLACE_CAT.csv,C:/projects/myproject/QDQM/DataSense/4_Common_Code/csv/WORK_PLACE_CAT.csv,WORK_PLACE_CAT
WORK_PLACE_CAT_name.csv,C:/projects/myproject/QDQM/DataSense/4_Common_Code/csv/WORK_PLACE_CAT_name.csv,WORK_PLACE_CAT_name
WORK_PLACE_TYP.csv,C:/projects/myproject/QDQM/DataSense/4_Common_Code/csv/WORK_PLACE_TYP.csv,WORK_PLACE_TYP
WORK_PLACE_TYP_name.csv,C:/projects/myproject/QDQM/DataSense/4_Common_Code/csv/WORK_PLACE_TYP_name.csv,WORK_PLACE_TYP_name
WRK.csv,C:/projects/myproject/QDQM/DataSense/4_Common_Code/csv/WRK.csv,WRK
WRKCD.csv,C:/projects/myproject/QDQM/DataSense/4_Common_Code/csv/WRKCD.csv,WRKCD
WRKCD_desc.csv,C:/projects/myproject/QDQM/DataSense/4_Common_Code/csv/WRKCD_desc.csv,WRKCD_desc
WRKCD_name.csv,C:/projects/myproject/QDQM/DataSense/4_Common_Code/csv/WRKCD_name.csv,WRKCD_name
WRK_CAT.csv,C:/projects/myproject/QDQM/DataSense/4_Common_Code/csv/WRK_CAT.csv,WRK_CAT
WRK_CAT_desc.csv,C:/projects/myproject/QDQM/DataSense/4_Common_Code/csv/WRK_CAT_desc.csv,WRK_CAT_desc
WRK_CAT_name.csv,C:/projects/myproject/QDQM/DataSense/4_Common_Code/csv/WRK_CAT_name.csv,WRK_CAT_name
WRK_DUPE_CAT.csv,C:/projects/myproject/QDQM/DataSense/4_Common_Code/csv/WRK_DUPE_CAT.csv,WRK_DUPE_CAT
WRK_DUPE_CAT_name.csv,C:/projects/myproject/QDQM/DataSense/4_Common_Code/csv/WRK_DUPE_CAT_name.csv,WRK_DUPE_CAT_name
WRK_name.csv,C:/projects/myproject/QDQM/DataSense/4_Common_Code/csv/WRK_name.csv,WRK_name
Aircraft_Manufacturer.csv,C:/projects/myproject/QDQM/DataSense/5_Reference_Code/Source/Aircraft_Manufacturer.csv,N/A
Aircraft_Manufacturer_Name.csv,C:/projects/myproject/QDQM/DataSense/5_Reference_Code/Source/Aircraft_Manufacturer_Name.csv,N/A
Aircraft_Model.csv,C:/projects/myproject/QDQM/DataSense/5_Reference_Code/Source/Aircraft_Model.csv,Aircraft_Model
Aircraft_Type.csv,C:/projects/myproject/QDQM/DataSense/5_Reference_Code/Source/Aircraft_Type.csv,Aircraft_Type
Airline_IATA.csv,C:/projects/myproject/QDQM/DataSense/5_Reference_Code/Source/Airline_IATA.csv,Airline_IATA
Airline_ICAO.csv,C:/projects/myproject/QDQM/DataSense/5_Reference_Code/Source/Airline_ICAO.csv,Airline_ICAO
Airline_Name.csv,C:/projects/myproject/QDQM/DataSense/5_Reference_Code/Source/Airline_Name.csv,Airline_Name
Airline_Name_Eng.csv,C:/projects/myproject/QDQM/DataSense/5_Reference_Code/Source/Airline_Name_Eng.csv,Airline_Name_Eng
Airport_IATA.csv,C:/projects/myproject/QDQM/DataSense/5_Reference_Code/Source/Airport_IATA.csv,Airport_IATA
Airport_ICAO.csv,C:/projects/myproject/QDQM/DataSense/5_Reference_Code/Source/Airport_ICAO.csv,Airport_ICAO
Airport_Name.csv,C:/projects/myproject/QDQM/DataSense/5_Reference_Code/Source/Airport_Name.csv,Airport_Name
ATC명5.csv,C:/projects/myproject/QDQM/DataSense/5_Reference_Code/Source/ATC명5.csv,ATC명5
ATC코드.csv,C:/projects/myproject/QDQM/DataSense/5_Reference_Code/Source/ATC코드.csv,ATC코드
City_Eng.csv,C:/projects/myproject/QDQM/DataSense/5_Reference_Code/Source/City_Eng.csv,City_Eng
Country.csv,C:/projects/myproject/QDQM/DataSense/5_Reference_Code/Source/Country.csv,Country
Country_Eng.csv,C:/projects/myproject/QDQM/DataSense/5_Reference_Code/Source/Country_Eng.csv,Country_Eng
Country_ISO2.csv,C:/projects/myproject/QDQM/DataSense/5_Reference_Code/Source/Country_ISO2.csv,Country_ISO2
Country_ISO3.csv,C:/projects/myproject/QDQM/DataSense/5_Reference_Code/Source/Country_ISO3.csv,Country_ISO3
Currency_Code.csv,C:/projects/myproject/QDQM/DataSense/5_Reference_Code/Source/Currency_Code.csv,Currency_Code
Currency_Name.csv,C:/projects/myproject/QDQM/DataSense/5_Reference_Code/Source/Currency_Name.csv,Currency_Name
HS부호.csv,C:/projects/myproject/QDQM/DataSense/5_Reference_Code/Source/HS부호.csv,HS부호
HS영문품목명9.csv,C:/projects/myproject/QDQM/DataSense/5_Reference_Code/Source/HS영문품목명9.csv,HS영문품목명9
HS한글품목명9.csv,C:/projects/myproject/QDQM/DataSense/5_Reference_Code/Source/HS한글품목명9.csv,HS한글품목명9
Region.csv,C:/projects/myproject/QDQM/DataSense/5_Reference_Code/Source/Region.csv,Region
Region_Eng.csv,C:/projects/myproject/QDQM/DataSense/5_Reference_Code/Source/Region_Eng.csv,Region_Eng
Seaport_Code.csv,C:/projects/myproject/QDQM/DataSense/5_Reference_Code/Source/Seaport_Code.csv,Seaport_Code
Seaport_Name9.csv,C:/projects/myproject/QDQM/DataSense/5_Reference_Code/Source/Seaport_Name9.csv,Seaport_Name9
UnitCode.csv,C:/projects/myproject/QDQM/DataSense/5_Reference_Code/Source/UnitCode.csv,Unit
건물용도.csv,C:/projects/myproject/QDQM/DataSense/5_Reference_Code/Source/건물용도.csv,건물용도
건설기계.csv,C:/projects/myproject/QDQM/DataSense/5_Reference_Code/Source/건설기계.csv,건설기계
건축물구조.csv,C:/projects/myproject/QDQM/DataSense/5_Reference_Code/Source/건축물구조.csv,건축물구조
계정과목.csv,C:/projects/myproject/QDQM/DataSense/5_Reference_Code/Source/계정과목.csv,계정과목
공사종류.csv,C:/projects/myproject/QDQM/DataSense/5_Reference_Code/Source/공사종류.csv,공사종류
광물.csv,C:/projects/myproject/QDQM/DataSense/5_Reference_Code/Source/광물.csv,광물
국가명.csv,C:/projects/myproject/QDQM/DataSense/5_Reference_Code/Source/국가명.csv,국가명
군구명.csv,C:/projects/myproject/QDQM/DataSense/5_Reference_Code/Source/군구명.csv,군구명
금융회사명.csv,C:/projects/myproject/QDQM/DataSense/5_Reference_Code/Source/금융회사명.csv,금융회사명
기관명.csv,C:/projects/myproject/QDQM/DataSense/5_Reference_Code/Source/기관명.csv,기관명
농림수산시설.csv,C:/projects/myproject/QDQM/DataSense/5_Reference_Code/Source/농림수산시설.csv,농림수산시설
농림축산품종명.csv,C:/projects/myproject/QDQM/DataSense/5_Reference_Code/Source/농림축산품종명.csv,농림축산품종명
농약명9.csv,C:/projects/myproject/QDQM/DataSense/5_Reference_Code/Source/농약명9.csv,농약명9
단위대문자.csv,C:/projects/myproject/QDQM/DataSense/5_Reference_Code/Source/단위대문자.csv,N/A
단위코드.csv,C:/projects/myproject/QDQM/DataSense/5_Reference_Code/Source/단위코드.csv,단위코드
대출종류.csv,C:/projects/myproject/QDQM/DataSense/5_Reference_Code/Source/대출종류.csv,대출종류
대학교.csv,C:/projects/myproject/QDQM/DataSense/5_Reference_Code/Source/대학교.csv,대학교
도로명.csv,C:/projects/myproject/QDQM/DataSense/5_Reference_Code/Source/도로명.csv,도로명
도로명코드.csv,C:/projects/myproject/QDQM/DataSense/5_Reference_Code/Source/도로명코드.csv,도로명코드
면허세.csv,C:/projects/myproject/QDQM/DataSense/5_Reference_Code/Source/면허세.csv,면허세
법인번호7.csv,C:/projects/myproject/QDQM/DataSense/5_Reference_Code/Source/법인번호7.csv,법인번호7
법정동.csv,C:/projects/myproject/QDQM/DataSense/5_Reference_Code/Source/법정동.csv,법정동
법정동코드.csv,C:/projects/myproject/QDQM/DataSense/5_Reference_Code/Source/법정동코드.csv,법정동코드
법정리.csv,C:/projects/myproject/QDQM/DataSense/5_Reference_Code/Source/법정리.csv,법정리
병원명.csv,C:/projects/myproject/QDQM/DataSense/5_Reference_Code/Source/병원명.csv,병원명
보훈분류.csv,C:/projects/myproject/QDQM/DataSense/5_Reference_Code/Source/보훈분류.csv,보훈분류
사업자등록번호3.csv,C:/projects/myproject/QDQM/DataSense/5_Reference_Code/Source/사업자등록번호3.csv,유효사업자번호3
사업자등록번호5.csv,C:/projects/myproject/QDQM/DataSense/5_Reference_Code/Source/사업자등록번호5.csv,사업자등록번호5
사업자등록번호7.csv,C:/projects/myproject/QDQM/DataSense/5_Reference_Code/Source/사업자등록번호7.csv,사업자등록번호7
사업자명5.csv,C:/projects/myproject/QDQM/DataSense/5_Reference_Code/Source/사업자명5.csv,사업자명5
상병코드.csv,C:/projects/myproject/QDQM/DataSense/5_Reference_Code/Source/상병코드.csv,상병코드
상호명5.csv,C:/projects/myproject/QDQM/DataSense/5_Reference_Code/Source/상호명5.csv,상호명5
선박명5.csv,C:/projects/myproject/QDQM/DataSense/5_Reference_Code/Source/선박명5.csv,선박명5
선박코드.csv,C:/projects/myproject/QDQM/DataSense/5_Reference_Code/Source/선박코드.csv,선박코드
선사명5.csv,C:/projects/myproject/QDQM/DataSense/5_Reference_Code/Source/선사명5.csv,선사명5
선사코드.csv,C:/projects/myproject/QDQM/DataSense/5_Reference_Code/Source/선사코드.csv,선사코드
수산업종.csv,C:/projects/myproject/QDQM/DataSense/5_Reference_Code/Source/수산업종.csv,수산업종
시군구명.csv,C:/projects/myproject/QDQM/DataSense/5_Reference_Code/Source/시군구명.csv,시군구명
시도명.csv,C:/projects/myproject/QDQM/DataSense/5_Reference_Code/Source/시도명.csv,시도명
시설물.csv,C:/projects/myproject/QDQM/DataSense/5_Reference_Code/Source/시설물.csv,시설물
식약업체명5.csv,C:/projects/myproject/QDQM/DataSense/5_Reference_Code/Source/식약업체명5.csv,식약업체명5
식약제품명5.csv,C:/projects/myproject/QDQM/DataSense/5_Reference_Code/Source/식약제품명5.csv,식약제품명5
식약주성분코드.csv,C:/projects/myproject/QDQM/DataSense/5_Reference_Code/Source/식약주성분코드.csv,식약주성분코드
업종.csv,C:/projects/myproject/QDQM/DataSense/5_Reference_Code/Source/업종.csv,업종
업종명2.csv,C:/projects/myproject/QDQM/DataSense/5_Reference_Code/Source/업종명2.csv,업종명2
업태명2.csv,C:/projects/myproject/QDQM/DataSense/5_Reference_Code/Source/업태명2.csv,업태명2
우편번호3.csv,C:/projects/myproject/QDQM/DataSense/5_Reference_Code/Source/우편번호3.csv,우편번호3
우편번호구3.csv,C:/projects/myproject/QDQM/DataSense/5_Reference_Code/Source/우편번호구3.csv,우편번호구3
운송사업자5.csv,C:/projects/myproject/QDQM/DataSense/5_Reference_Code/Source/운송사업자5.csv,운송사업자5
원재료_영문명9.csv,C:/projects/myproject/QDQM/DataSense/5_Reference_Code/Source/원재료_영문명9.csv,원재료_영문명9
원재료_학명9.csv,C:/projects/myproject/QDQM/DataSense/5_Reference_Code/Source/원재료_학명9.csv,원재료_학명9
원재료명9.csv,C:/projects/myproject/QDQM/DataSense/5_Reference_Code/Source/원재료명9.csv,원재료명9
원재료코드.csv,C:/projects/myproject/QDQM/DataSense/5_Reference_Code/Source/원재료코드.csv,원재료코드
유통판매업5.csv,C:/projects/myproject/QDQM/DataSense/5_Reference_Code/Source/유통판매업5.csv,유통판매업5
읍면동.csv,C:/projects/myproject/QDQM/DataSense/5_Reference_Code/Source/읍면동.csv,읍면동
의료기관분류.csv,C:/projects/myproject/QDQM/DataSense/5_Reference_Code/Source/의료기관분류.csv,의료기관분류
의약품명5.csv,C:/projects/myproject/QDQM/DataSense/5_Reference_Code/Source/의약품명5.csv,의약품명5
의약품목기준코드.csv,C:/projects/myproject/QDQM/DataSense/5_Reference_Code/Source/의약품목기준코드.csv,의약품목기준코드
의약품업체명5.csv,C:/projects/myproject/QDQM/DataSense/5_Reference_Code/Source/의약품업체명5.csv,의약품업체명5
의약품표준코드.csv,C:/projects/myproject/QDQM/DataSense/5_Reference_Code/Source/의약품표준코드.csv,의약품표준코드
자격면허명.csv,C:/projects/myproject/QDQM/DataSense/5_Reference_Code/Source/자격면허명.csv,자격면허명
자동차정비업체5.csv,C:/projects/myproject/QDQM/DataSense/5_Reference_Code/Source/자동차정비업체5.csv,자동차정비업체5
자산계정.csv,C:/projects/myproject/QDQM/DataSense/5_Reference_Code/Source/자산계정.csv,자산계정
장애등급.csv,C:/projects/myproject/QDQM/DataSense/5_Reference_Code/Source/장애등급.csv,장애등급
전표종류.csv,C:/projects/myproject/QDQM/DataSense/5_Reference_Code/Source/전표종류.csv,전표종류
조직.csv,C:/projects/myproject/QDQM/DataSense/5_Reference_Code/Source/조직.csv,조직
종교.csv,C:/projects/myproject/QDQM/DataSense/5_Reference_Code/Source/종교.csv,종교
좌표계.csv,C:/projects/myproject/QDQM/DataSense/5_Reference_Code/Source/좌표계.csv,좌표계
주거형태.csv,C:/projects/myproject/QDQM/DataSense/5_Reference_Code/Source/주거형태.csv,주거형태
증권종목코드.csv,C:/projects/myproject/QDQM/DataSense/5_Reference_Code/Source/증권종목코드.csv,증권종목코드
지목.csv,C:/projects/myproject/QDQM/DataSense/5_Reference_Code/Source/지목.csv,지목
지방세목.csv,C:/projects/myproject/QDQM/DataSense/5_Reference_Code/Source/지방세목.csv,N/A
지방세분류.csv,C:/projects/myproject/QDQM/DataSense/5_Reference_Code/Source/지방세분류.csv,지방세분류
직군.csv,C:/projects/myproject/QDQM/DataSense/5_Reference_Code/Source/직군.csv,직군
직무.csv,C:/projects/myproject/QDQM/DataSense/5_Reference_Code/Source/직무.csv,직무
직업명.csv,C:/projects/myproject/QDQM/DataSense/5_Reference_Code/Source/직업명.csv,N/A
직업분류.csv,C:/projects/myproject/QDQM/DataSense/5_Reference_Code/Source/직업분류.csv,직업분류
직책.csv,C:/projects/myproject/QDQM/DataSense/5_Reference_Code/Source/직책.csv,직책
질병명5.csv,C:/projects/myproject/QDQM/DataSense/5_Reference_Code/Source/질병명5.csv,질병명5
질병분류코드.csv,C:/projects/myproject/QDQM/DataSense/5_Reference_Code/Source/질병분류코드.csv,질병분류코드
질병영문명5.csv,C:/projects/myproject/QDQM/DataSense/5_Reference_Code/Source/질병영문명5.csv,질병영문명5
차종.csv,C:/projects/myproject/QDQM/DataSense/5_Reference_Code/Source/차종.csv,차종
표준산업대분류.csv,C:/projects/myproject/QDQM/DataSense/5_Reference_Code/Source/표준산업대분류.csv,표준산업대분류
표준산업분류.csv,C:/projects/myproject/QDQM/DataSense/5_Reference_Code/Source/표준산업분류.csv,표준산업분류
표준산업세분류.csv,C:/projects/myproject/QDQM/DataSense/5_Reference_Code/Source/표준산업세분류.csv,표준산업세분류
표준산업세세분류.csv,C:/projects/myproject/QDQM/DataSense/5_Reference_Code/Source/표준산업세세분류.csv,표준산업세세분류
표준산업소분류.csv,C:/projects/myproject/QDQM/DataSense/5_Reference_Code/Source/표준산업소분류.csv,표준산업소분류
품목_영문명.csv,C:/projects/myproject/QDQM/DataSense/5_Reference_Code/Source/품목_영문명.csv,품목_영문명
품목명.csv,C:/projects/myproject/QDQM/DataSense/5_Reference_Code/Source/품목명.csv,품목명
품목분류코드.csv,C:/projects/myproject/QDQM/DataSense/5_Reference_Code/Source/품목분류코드.csv,품목분류코드
항공기제작사9.csv,C:/projects/myproject/QDQM/DataSense/5_Reference_Code/Source/항공기제작사9.csv,항공기제작사9
항공기종류.csv,C:/projects/myproject/QDQM/DataSense/5_Reference_Code/Source/항공기종류.csv,항공기종류
행정동.csv,C:/projects/myproject/QDQM/DataSense/5_Reference_Code/Source/행정동.csv,행정동
행정동코드.csv,C:/projects/myproject/QDQM/DataSense/5_Reference_Code/Source/행정동코드.csv,행정동코드
가족관계.csv,C:/projects/myproject/QDQM/DataSense/6_Validation_Code/Source/가족관계.csv,가족관계
연월.csv,C:/projects/myproject/QDQM/DataSense/6_Validation_Code/Source/연월.csv,연월
연월일.csv,C:/projects/myproject/QDQM/DataSense/6_Validation_Code/Source/연월일.csv,연월일
전화국가번호.csv,C:/projects/myproject/QDQM/DataSense/6_Validation_Code/Source/전화국가번호.csv,전화국가번호
전화지역번호.csv,C:/projects/myproject/QDQM/DataSense/6_Validation_Code/Source/전화지역번호.csv,전화지역번호
주민번호6자리.csv,C:/projects/myproject/QDQM/DataSense/6_Validation_Code/Source/주민번호6자리.csv,주민번호6자리
한국성씨.csv,C:/projects/myproject/QDQM/DataSense/6_Validation_Code/Source/한국성씨.csv,N/A
한국성씨_한자.csv,C:/projects/myproject/QDQM/DataSense/6_Validation_Code/Source/한국성씨_한자.csv,N/A
한글성명.csv,C:/projects/myproject/QDQM/DataSense/6_Validation_Code/Source/한글성명.csv,한글성명
